screen_id,name,module,registry_status,route_evidence,runtime_reachability,scoped_parameters,return_restoration,authorization,deep_link,feature_ids,feature_contract,visual_status,feature_status,notes
FOS-GLOBAL-001,Splash,global,MAPPED,STATIC_MAIN_ACTIVITY_SPLASH_BRANCH,UNEXECUTED,UNEXECUTED,UNEXECUTED,UNEXECUTED,UNEXECUTED,UNRESOLVED_CANONICAL_FEATURE_ID_CATALOG,OPEN,NOT_GREEN,NOT_GREEN,Static evidence only; execute route/interaction tests before treating as reachable.
FOS-GLOBAL-002,Login,global,MAPPED,STATIC_AUTH_STATE_BRANCH,UNEXECUTED,UNEXECUTED,UNEXECUTED,UNEXECUTED,UNEXECUTED,UNRESOLVED_CANONICAL_FEATURE_ID_CATALOG,OPEN,NOT_GREEN,NOT_GREEN,Static evidence only; execute route/interaction tests before treating as reachable.
FOS-GLOBAL-003,Create account,global,MAPPED,NO_ROUTE_EVIDENCE,UNEXECUTED,UNEXECUTED,UNEXECUTED,UNEXECUTED,UNEXECUTED,UNRESOLVED_CANONICAL_FEATURE_ID_CATALOG,OPEN,NOT_GREEN,NOT_GREEN,No source-derived route evidence at checkpoint; implementation/contract discovery required.
FOS-GLOBAL-004,Password recovery,global,MAPPED,NO_ROUTE_EVIDENCE,UNEXECUTED,UNEXECUTED,UNEXECUTED,UNEXECUTED,UNEXECUTED,UNRESOLVED_CANONICAL_FEATURE_ID_CATALOG,OPEN,NOT_GREEN,NOT_GREEN,No source-derived route evidence at checkpoint; implementation/contract discovery required.
FOS-GLOBAL-005,Farm membership selector,global,MAPPED,STATIC_AUTH_STATE_BRANCH,UNEXECUTED,UNEXECUTED,UNEXECUTED,UNEXECUTED,UNEXECUTED,UNRESOLVED_CANONICAL_FEATURE_ID_CATALOG,OPEN,NOT_GREEN,NOT_GREEN,Static evidence only; execute route/interaction tests before treating as reachable.
FOS-GLOBAL-006,Create farm wizard,global,MAPPED,STATIC_AUTH_STATE_BRANCH,UNEXECUTED,UNEXECUTED,UNEXECUTED,UNEXECUTED,UNEXECUTED,UNRESOLVED_CANONICAL_FEATURE_ID_CATALOG,OPEN,NOT_GREEN,NOT_GREEN,Static evidence only; execute route/interaction tests before treating as reachable.
FOS-GLOBAL-007,Join invited farm,global,MAPPED,NO_ROUTE_EVIDENCE,UNEXECUTED,UNEXECUTED,UNEXECUTED,UNEXECUTED,UNEXECUTED,UNRESOLVED_CANONICAL_FEATURE_ID_CATALOG,OPEN,NOT_GREEN,NOT_GREEN,No source-derived route evidence at checkpoint; implementation/contract discovery required.
FOS-GLOBAL-008,First-run species setup,global,MAPPED,NO_ROUTE_EVIDENCE,UNEXECUTED,UNEXECUTED,UNEXECUTED,UNEXECUTED,UNEXECUTED,UNRESOLVED_CANONICAL_FEATURE_ID_CATALOG,OPEN,NOT_GREEN,NOT_GREEN,No source-derived route evidence at checkpoint; implementation/contract discovery required.
FOS-GLOBAL-009,Role and permissions explanation,global,MAPPED,NO_ROUTE_EVIDENCE,UNEXECUTED,UNEXECUTED,UNEXECUTED,UNEXECUTED,UNEXECUTED,UNRESOLVED_CANONICAL_FEATURE_ID_CATALOG,OPEN,NOT_GREEN,NOT_GREEN,No source-derived route evidence at checkpoint; implementation/contract discovery required.
FOS-GLOBAL-010,Notification permission,global,MAPPED,NO_ROUTE_EVIDENCE,UNEXECUTED,UNEXECUTED,UNEXECUTED,UNEXECUTED,UNEXECUTED,UNRESOLVED_CANONICAL_FEATURE_ID_CATALOG,OPEN,NOT_GREEN,NOT_GREEN,No source-derived route evidence at checkpoint; implementation/contract discovery required.
FOS-GLOBAL-011,Camera permission,global,MAPPED,NO_ROUTE_EVIDENCE,UNEXECUTED,UNEXECUTED,UNEXECUTED,UNEXECUTED,UNEXECUTED,UNRESOLVED_CANONICAL_FEATURE_ID_CATALOG,OPEN,NOT_GREEN,NOT_GREEN,No source-derived route evidence at checkpoint; implementation/contract discovery required.
FOS-GLOBAL-012,Bluetooth permission,global,MAPPED,NO_ROUTE_EVIDENCE,UNEXECUTED,UNEXECUTED,UNEXECUTED,UNEXECUTED,UNEXECUTED,UNRESOLVED_CANONICAL_FEATURE_ID_CATALOG,OPEN,NOT_GREEN,NOT_GREEN,No source-derived route evidence at checkpoint; implementation/contract discovery required.
FOS-GLOBAL-013,Location permission,global,MAPPED,NO_ROUTE_EVIDENCE,UNEXECUTED,UNEXECUTED,UNEXECUTED,UNEXECUTED,UNEXECUTED,UNRESOLVED_CANONICAL_FEATURE_ID_CATALOG,OPEN,NOT_GREEN,NOT_GREEN,No source-derived route evidence at checkpoint; implementation/contract discovery required.
FOS-GLOBAL-014,Offline-first introduction,global,MAPPED,NO_ROUTE_EVIDENCE,UNEXECUTED,UNEXECUTED,UNEXECUTED,UNEXECUTED,UNEXECUTED,UNRESOLVED_CANONICAL_FEATURE_ID_CATALOG,OPEN,NOT_GREEN,NOT_GREEN,No source-derived route evidence at checkpoint; implementation/contract discovery required.
FOS-GLOBAL-015,Terms and privacy,global,MAPPED,NO_ROUTE_EVIDENCE,UNEXECUTED,UNEXECUTED,UNEXECUTED,UNEXECUTED,UNEXECUTED,UNRESOLVED_CANONICAL_FEATURE_ID_CATALOG,OPEN,NOT_GREEN,NOT_GREEN,No source-derived route evidence at checkpoint; implementation/contract discovery required.
FOS-GLOBAL-016,Session expired,global,MAPPED,NO_ROUTE_EVIDENCE,UNEXECUTED,UNEXECUTED,UNEXECUTED,UNEXECUTED,UNEXECUTED,UNRESOLVED_CANONICAL_FEATURE_ID_CATALOG,OPEN,NOT_GREEN,NOT_GREEN,No source-derived route evidence at checkpoint; implementation/contract discovery required.
FOS-GLOBAL-017,Farm access revoked,global,MAPPED,NO_ROUTE_EVIDENCE,UNEXECUTED,UNEXECUTED,UNEXECUTED,UNEXECUTED,UNEXECUTED,UNRESOLVED_CANONICAL_FEATURE_ID_CATALOG,OPEN,NOT_GREEN,NOT_GREEN,No source-derived route evidence at checkpoint; implementation/contract discovery required.
FOS-GLOBAL-018,Backend unavailable,global,MAPPED,STATIC_AUTH_STATE_BRANCH,UNEXECUTED,UNEXECUTED,UNEXECUTED,UNEXECUTED,UNEXECUTED,UNRESOLVED_CANONICAL_FEATURE_ID_CATALOG,OPEN,NOT_GREEN,NOT_GREEN,Static evidence only; execute route/interaction tests before treating as reachable.
FOS-GLOBAL-019,Account profile,global,MAPPED,NO_ROUTE_EVIDENCE,UNEXECUTED,UNEXECUTED,UNEXECUTED,UNEXECUTED,UNEXECUTED,UNRESOLVED_CANONICAL_FEATURE_ID_CATALOG,OPEN,NOT_GREEN,NOT_GREEN,No source-derived route evidence at checkpoint; implementation/contract discovery required.
FOS-GLOBAL-020,Sign-out confirmation,global,MAPPED,NO_ROUTE_EVIDENCE,UNEXECUTED,UNEXECUTED,UNEXECUTED,UNEXECUTED,UNEXECUTED,UNRESOLVED_CANONICAL_FEATURE_ID_CATALOG,OPEN,NOT_GREEN,NOT_GREEN,No source-derived route evidence at checkpoint; implementation/contract discovery required.
FOS-HOME-001,Farm Home,home,MAPPED,STATIC_GENERAL_HOME_FALLBACK,UNEXECUTED,UNEXECUTED,UNEXECUTED,UNEXECUTED,UNEXECUTED,UNRESOLVED_CANONICAL_FEATURE_ID_CATALOG,OPEN,NOT_GREEN,NOT_GREEN,Static evidence only; execute route/interaction tests before treating as reachable.
FOS-HOME-002,Species Navigator,home,MAPPED,STATIC_HOME_NESTED_DESTINATION,UNEXECUTED,UNEXECUTED,UNEXECUTED,UNEXECUTED,UNEXECUTED,UNRESOLVED_CANONICAL_FEATURE_ID_CATALOG,OPEN,NOT_GREEN,NOT_GREEN,Static evidence only; execute route/interaction tests before treating as reachable.
FOS-HOME-003,Today Summary,home,MAPPED,NO_ROUTE_EVIDENCE,UNEXECUTED,UNEXECUTED,UNEXECUTED,UNEXECUTED,UNEXECUTED,UNRESOLVED_CANONICAL_FEATURE_ID_CATALOG,OPEN,NOT_GREEN,NOT_GREEN,No source-derived route evidence at checkpoint; implementation/contract discovery required.
FOS-HOME-004,Farm Alerts Centre,home,MAPPED,NO_ROUTE_EVIDENCE,UNEXECUTED,UNEXECUTED,UNEXECUTED,UNEXECUTED,UNEXECUTED,UNRESOLVED_CANONICAL_FEATURE_ID_CATALOG,OPEN,NOT_GREEN,NOT_GREEN,No source-derived route evidence at checkpoint; implementation/contract discovery required.
FOS-HOME-005,Farm Activity Stream,home,MAPPED,NO_ROUTE_EVIDENCE,UNEXECUTED,UNEXECUTED,UNEXECUTED,UNEXECUTED,UNEXECUTED,UNRESOLVED_CANONICAL_FEATURE_ID_CATALOG,OPEN,NOT_GREEN,NOT_GREEN,No source-derived route evidence at checkpoint; implementation/contract discovery required.
FOS-HOME-006,Global Search,home,MAPPED,STATIC_CODE_ID_REFERENCE_ONLY,UNEXECUTED,UNEXECUTED,UNEXECUTED,UNEXECUTED,UNEXECUTED,UNRESOLVED_CANONICAL_FEATURE_ID_CATALOG,OPEN,NOT_GREEN,NOT_GREEN,Static evidence only; execute route/interaction tests before treating as reachable.
FOS-HOME-007,Search Results,home,MAPPED,NO_ROUTE_EVIDENCE,UNEXECUTED,UNEXECUTED,UNEXECUTED,UNEXECUTED,UNEXECUTED,UNRESOLVED_CANONICAL_FEATURE_ID_CATALOG,OPEN,NOT_GREEN,NOT_GREEN,No source-derived route evidence at checkpoint; implementation/contract discovery required.
FOS-HOME-008,Quick Capture Launcher,home,MAPPED,NO_ROUTE_EVIDENCE,UNEXECUTED,UNEXECUTED,UNEXECUTED,UNEXECUTED,UNEXECUTED,UNRESOLVED_CANONICAL_FEATURE_ID_CATALOG,OPEN,NOT_GREEN,NOT_GREEN,No source-derived route evidence at checkpoint; implementation/contract discovery required.
FOS-HOME-009,Sync Status Centre entry,home,MAPPED,NO_ROUTE_EVIDENCE,UNEXECUTED,UNEXECUTED,UNEXECUTED,UNEXECUTED,UNEXECUTED,UNRESOLVED_CANONICAL_FEATURE_ID_CATALOG,OPEN,NOT_GREEN,NOT_GREEN,No source-derived route evidence at checkpoint; implementation/contract discovery required.
FOS-HOME-010,Farm Switcher,home,MAPPED,NO_ROUTE_EVIDENCE,UNEXECUTED,UNEXECUTED,UNEXECUTED,UNEXECUTED,UNEXECUTED,UNRESOLVED_CANONICAL_FEATURE_ID_CATALOG,OPEN,NOT_GREEN,NOT_GREEN,No source-derived route evidence at checkpoint; implementation/contract discovery required.
FOS-HOME-011,Notification Centre,home,MAPPED,NO_ROUTE_EVIDENCE,UNEXECUTED,UNEXECUTED,UNEXECUTED,UNEXECUTED,UNEXECUTED,UNRESOLVED_CANONICAL_FEATURE_ID_CATALOG,OPEN,NOT_GREEN,NOT_GREEN,No source-derived route evidence at checkpoint; implementation/contract discovery required.
FOS-HOME-012,Role-tailored Home,home,MAPPED,STATIC_CODE_ID_REFERENCE_ONLY,UNEXECUTED,UNEXECUTED,UNEXECUTED,UNEXECUTED,UNEXECUTED,UNRESOLVED_CANONICAL_FEATURE_ID_CATALOG,OPEN,NOT_GREEN,NOT_GREEN,Static evidence only; execute route/interaction tests before treating as reachable.
FOS-HOME-012-A,Owner Dashboard,home,MAPPED,STATIC_ROLE_DISPATCH_PRESENT,UNEXECUTED,UNEXECUTED,UNEXECUTED,UNEXECUTED,UNEXECUTED,UNRESOLVED_CANONICAL_FEATURE_ID_CATALOG,OPEN,NOT_GREEN,NOT_GREEN,Static evidence only; execute route/interaction tests before treating as reachable.
FOS-HOME-012-B,Farm Manager Dashboard,home,MAPPED,STATIC_ROLE_DISPATCH_PRESENT,UNEXECUTED,UNEXECUTED,UNEXECUTED,UNEXECUTED,UNEXECUTED,UNRESOLVED_CANONICAL_FEATURE_ID_CATALOG,OPEN,NOT_GREEN,NOT_GREEN,Static evidence only; execute route/interaction tests before treating as reachable.
FOS-HOME-012-C,Supervisor Dashboard,home,MAPPED,STATIC_ROLE_DISPATCH_PRESENT,UNEXECUTED,UNEXECUTED,UNEXECUTED,UNEXECUTED,UNEXECUTED,UNRESOLVED_CANONICAL_FEATURE_ID_CATALOG,OPEN,NOT_GREEN,NOT_GREEN,Static evidence only; execute route/interaction tests before treating as reachable.
FOS-HOME-012-D,Worker My Day Dashboard,home,MAPPED,STATIC_ROLE_DISPATCH_PRESENT,UNEXECUTED,UNEXECUTED,UNEXECUTED,UNEXECUTED,UNEXECUTED,UNRESOLVED_CANONICAL_FEATURE_ID_CATALOG,OPEN,NOT_GREEN,NOT_GREEN,Static evidence only; execute route/interaction tests before treating as reachable.
FOS-HOME-012-E,Breeding Manager Dashboard,home,MAPPED,STATIC_ROLE_DISPATCH_PRESENT,UNEXECUTED,UNEXECUTED,UNEXECUTED,UNEXECUTED,UNEXECUTED,UNRESOLVED_CANONICAL_FEATURE_ID_CATALOG,OPEN,NOT_GREEN,NOT_GREEN,Static evidence only; execute route/interaction tests before treating as reachable.
FOS-HOME-012-F,Vet Health Dashboard,home,MAPPED,STATIC_ROLE_DISPATCH_PRESENT,UNEXECUTED,UNEXECUTED,UNEXECUTED,UNEXECUTED,UNEXECUTED,UNRESOLVED_CANONICAL_FEATURE_ID_CATALOG,OPEN,NOT_GREEN,NOT_GREEN,Static evidence only; execute route/interaction tests before treating as reachable.
FOS-HOME-012-G,Finance Dashboard,home,MAPPED,STATIC_ROLE_DISPATCH_PRESENT,UNEXECUTED,UNEXECUTED,UNEXECUTED,UNEXECUTED,UNEXECUTED,UNRESOLVED_CANONICAL_FEATURE_ID_CATALOG,OPEN,NOT_GREEN,NOT_GREEN,Static evidence only; execute route/interaction tests before treating as reachable.
FOS-HOME-012-H,Buyer Read-only Dashboard,home,MAPPED,STATIC_ROLE_DISPATCH_PRESENT,UNEXECUTED,UNEXECUTED,UNEXECUTED,UNEXECUTED,UNEXECUTED,UNRESOLVED_CANONICAL_FEATURE_ID_CATALOG,OPEN,NOT_GREEN,NOT_GREEN,Static evidence only; execute route/interaction tests before treating as reachable.
FOS-GOAT-001,Goat Dashboard,goat,MAPPED,STATIC_SOURCE_MAP_PLUS_CODE_ID_REFERENCE,UNEXECUTED,UNEXECUTED,UNEXECUTED,UNEXECUTED,UNEXECUTED,UNRESOLVED_CANONICAL_FEATURE_ID_CATALOG,OPEN,NOT_GREEN,NOT_GREEN,Static evidence only; execute route/interaction tests before treating as reachable.
FOS-GOAT-002,Herd List,goat,MAPPED,STATIC_SOURCE_MAP_PLUS_CODE_ID_REFERENCE,UNEXECUTED,UNEXECUTED,UNEXECUTED,UNEXECUTED,UNEXECUTED,UNRESOLVED_CANONICAL_FEATURE_ID_CATALOG,OPEN,NOT_GREEN,NOT_GREEN,Static evidence only; execute route/interaction tests before treating as reachable.
FOS-GOAT-003,Goat Profile,goat,MAPPED,STATIC_SOURCE_MAP_PLUS_CODE_ID_REFERENCE,UNEXECUTED,UNEXECUTED,UNEXECUTED,UNEXECUTED,UNEXECUTED,UNRESOLVED_CANONICAL_FEATURE_ID_CATALOG,OPEN,NOT_GREEN,NOT_GREEN,Static evidence only; execute route/interaction tests before treating as reachable.
FOS-GOAT-004,Register Goat,goat,MAPPED,STATIC_SOURCE_MAP_PLUS_CODE_ID_REFERENCE,UNEXECUTED,UNEXECUTED,UNEXECUTED,UNEXECUTED,UNEXECUTED,UNRESOLVED_CANONICAL_FEATURE_ID_CATALOG,OPEN,NOT_GREEN,NOT_GREEN,Static evidence only; execute route/interaction tests before treating as reachable.
FOS-GOAT-005,Edit Goat Identity,goat,MAPPED,NO_ROUTE_EVIDENCE,UNEXECUTED,UNEXECUTED,UNEXECUTED,UNEXECUTED,UNEXECUTED,UNRESOLVED_CANONICAL_FEATURE_ID_CATALOG,OPEN,NOT_GREEN,NOT_GREEN,No source-derived route evidence at checkpoint; implementation/contract discovery required.
FOS-GOAT-006,Goat Search,goat,MAPPED,STATIC_SOURCE_MAP_PLUS_CODE_ID_REFERENCE,UNEXECUTED,UNEXECUTED,UNEXECUTED,UNEXECUTED,UNEXECUTED,UNRESOLVED_CANONICAL_FEATURE_ID_CATALOG,OPEN,NOT_GREEN,NOT_GREEN,Static evidence only; execute route/interaction tests before treating as reachable.
FOS-GOAT-007,RFID or Tag Scan,goat,MAPPED,STATIC_CODE_ID_REFERENCE_ONLY,UNEXECUTED,UNEXECUTED,UNEXECUTED,UNEXECUTED,UNEXECUTED,UNRESOLVED_CANONICAL_FEATURE_ID_CATALOG,OPEN,NOT_GREEN,NOT_GREEN,Static evidence only; execute route/interaction tests before treating as reachable.
FOS-GOAT-008,Goat Photo or Gallery,goat,MAPPED,NO_ROUTE_EVIDENCE,UNEXECUTED,UNEXECUTED,UNEXECUTED,UNEXECUTED,UNEXECUTED,UNRESOLVED_CANONICAL_FEATURE_ID_CATALOG,OPEN,NOT_GREEN,NOT_GREEN,No source-derived route evidence at checkpoint; implementation/contract discovery required.
FOS-GOAT-009,Goat Timeline,goat,MAPPED,NO_ROUTE_EVIDENCE,UNEXECUTED,UNEXECUTED,UNEXECUTED,UNEXECUTED,UNEXECUTED,UNRESOLVED_CANONICAL_FEATURE_ID_CATALOG,OPEN,NOT_GREEN,NOT_GREEN,No source-derived route evidence at checkpoint; implementation/contract discovery required.
FOS-GOAT-010,Goat Documents,goat,MAPPED,NO_ROUTE_EVIDENCE,UNEXECUTED,UNEXECUTED,UNEXECUTED,UNEXECUTED,UNEXECUTED,UNRESOLVED_CANONICAL_FEATURE_ID_CATALOG,OPEN,NOT_GREEN,NOT_GREEN,No source-derived route evidence at checkpoint; implementation/contract discovery required.
FOS-GOAT-011,Weight Capture,goat,MAPPED,STATIC_SOURCE_MAP_PLUS_CODE_ID_REFERENCE,UNEXECUTED,UNEXECUTED,UNEXECUTED,UNEXECUTED,UNEXECUTED,UNRESOLVED_CANONICAL_FEATURE_ID_CATALOG,OPEN,NOT_GREEN,NOT_GREEN,Static evidence only; execute route/interaction tests before treating as reachable.
FOS-GOAT-012,BLE Scale Pairing,goat,MAPPED,NO_ROUTE_EVIDENCE,UNEXECUTED,UNEXECUTED,UNEXECUTED,UNEXECUTED,UNEXECUTED,UNRESOLVED_CANONICAL_FEATURE_ID_CATALOG,OPEN,NOT_GREEN,NOT_GREEN,No source-derived route evidence at checkpoint; implementation/contract discovery required.
FOS-GOAT-013,Growth History,goat,MAPPED,NO_ROUTE_EVIDENCE,UNEXECUTED,UNEXECUTED,UNEXECUTED,UNEXECUTED,UNEXECUTED,UNRESOLVED_CANONICAL_FEATURE_ID_CATALOG,OPEN,NOT_GREEN,NOT_GREEN,No source-derived route evidence at checkpoint; implementation/contract discovery required.
FOS-GOAT-014,Growth Chart,goat,MAPPED,NO_ROUTE_EVIDENCE,UNEXECUTED,UNEXECUTED,UNEXECUTED,UNEXECUTED,UNEXECUTED,UNRESOLVED_CANONICAL_FEATURE_ID_CATALOG,OPEN,NOT_GREEN,NOT_GREEN,No source-derived route evidence at checkpoint; implementation/contract discovery required.
FOS-GOAT-015,ADG Detail,goat,MAPPED,NO_ROUTE_EVIDENCE,UNEXECUTED,UNEXECUTED,UNEXECUTED,UNEXECUTED,UNEXECUTED,UNRESOLVED_CANONICAL_FEATURE_ID_CATALOG,OPEN,NOT_GREEN,NOT_GREEN,No source-derived route evidence at checkpoint; implementation/contract discovery required.
FOS-GOAT-016,Body Condition Score,goat,MAPPED,STATIC_SOURCE_MAP_HINT_ONLY,UNEXECUTED,UNEXECUTED,UNEXECUTED,UNEXECUTED,UNEXECUTED,UNRESOLVED_CANONICAL_FEATURE_ID_CATALOG,OPEN,NOT_GREEN,NOT_GREEN,Static evidence only; execute route/interaction tests before treating as reachable.
FOS-GOAT-017,Milk Capture,goat,MAPPED,STATIC_SOURCE_MAP_PLUS_CODE_ID_REFERENCE,UNEXECUTED,UNEXECUTED,UNEXECUTED,UNEXECUTED,UNEXECUTED,UNRESOLVED_CANONICAL_FEATURE_ID_CATALOG,OPEN,NOT_GREEN,NOT_GREEN,Static evidence only; execute route/interaction tests before treating as reachable.
FOS-GOAT-018,Lactation Dashboard,goat,MAPPED,NO_ROUTE_EVIDENCE,UNEXECUTED,UNEXECUTED,UNEXECUTED,UNEXECUTED,UNEXECUTED,UNRESOLVED_CANONICAL_FEATURE_ID_CATALOG,OPEN,NOT_GREEN,NOT_GREEN,No source-derived route evidence at checkpoint; implementation/contract discovery required.
FOS-GOAT-019,Lactation History,goat,MAPPED,NO_ROUTE_EVIDENCE,UNEXECUTED,UNEXECUTED,UNEXECUTED,UNEXECUTED,UNEXECUTED,UNRESOLVED_CANONICAL_FEATURE_ID_CATALOG,OPEN,NOT_GREEN,NOT_GREEN,No source-derived route evidence at checkpoint; implementation/contract discovery required.
FOS-GOAT-020,SCC Capture,goat,MAPPED,STATIC_SOURCE_MAP_HINT_ONLY,UNEXECUTED,UNEXECUTED,UNEXECUTED,UNEXECUTED,UNEXECUTED,UNRESOLVED_CANONICAL_FEATURE_ID_CATALOG,OPEN,NOT_GREEN,NOT_GREEN,Static evidence only; execute route/interaction tests before treating as reachable.
FOS-GOAT-021,SCC History,goat,MAPPED,NO_ROUTE_EVIDENCE,UNEXECUTED,UNEXECUTED,UNEXECUTED,UNEXECUTED,UNEXECUTED,UNRESOLVED_CANONICAL_FEATURE_ID_CATALOG,OPEN,NOT_GREEN,NOT_GREEN,No source-derived route evidence at checkpoint; implementation/contract discovery required.
FOS-GOAT-022,FAMACHA Capture,goat,MAPPED,STATIC_SOURCE_MAP_PLUS_CODE_ID_REFERENCE,UNEXECUTED,UNEXECUTED,UNEXECUTED,UNEXECUTED,UNEXECUTED,UNRESOLVED_CANONICAL_FEATURE_ID_CATALOG,OPEN,NOT_GREEN,NOT_GREEN,Static evidence only; execute route/interaction tests before treating as reachable.
FOS-GOAT-023,FAMACHA Reference,goat,MAPPED,NO_ROUTE_EVIDENCE,UNEXECUTED,UNEXECUTED,UNEXECUTED,UNEXECUTED,UNEXECUTED,UNRESOLVED_CANONICAL_FEATURE_ID_CATALOG,OPEN,NOT_GREEN,NOT_GREEN,No source-derived route evidence at checkpoint; implementation/contract discovery required.
FOS-GOAT-024,FAMACHA History,goat,MAPPED,NO_ROUTE_EVIDENCE,UNEXECUTED,UNEXECUTED,UNEXECUTED,UNEXECUTED,UNEXECUTED,UNRESOLVED_CANONICAL_FEATURE_ID_CATALOG,OPEN,NOT_GREEN,NOT_GREEN,No source-derived route evidence at checkpoint; implementation/contract discovery required.
FOS-GOAT-025,Goat Health Summary,goat,MAPPED,NO_ROUTE_EVIDENCE,UNEXECUTED,UNEXECUTED,UNEXECUTED,UNEXECUTED,UNEXECUTED,UNRESOLVED_CANONICAL_FEATURE_ID_CATALOG,OPEN,NOT_GREEN,NOT_GREEN,No source-derived route evidence at checkpoint; implementation/contract discovery required.
FOS-GOAT-026,Goat Treatment History,goat,MAPPED,NO_ROUTE_EVIDENCE,UNEXECUTED,UNEXECUTED,UNEXECUTED,UNEXECUTED,UNEXECUTED,UNRESOLVED_CANONICAL_FEATURE_ID_CATALOG,OPEN,NOT_GREEN,NOT_GREEN,No source-derived route evidence at checkpoint; implementation/contract discovery required.
FOS-GOAT-027,Goat Withdrawal Status,goat,MAPPED,NO_ROUTE_EVIDENCE,UNEXECUTED,UNEXECUTED,UNEXECUTED,UNEXECUTED,UNEXECUTED,UNRESOLVED_CANONICAL_FEATURE_ID_CATALOG,OPEN,NOT_GREEN,NOT_GREEN,No source-derived route evidence at checkpoint; implementation/contract discovery required.
FOS-GOAT-028,Goat Vet Visit,goat,MAPPED,NO_ROUTE_EVIDENCE,UNEXECUTED,UNEXECUTED,UNEXECUTED,UNEXECUTED,UNEXECUTED,UNRESOLVED_CANONICAL_FEATURE_ID_CATALOG,OPEN,NOT_GREEN,NOT_GREEN,No source-derived route evidence at checkpoint; implementation/contract discovery required.
FOS-GOAT-029,Goat Lab Result,goat,MAPPED,NO_ROUTE_EVIDENCE,UNEXECUTED,UNEXECUTED,UNEXECUTED,UNEXECUTED,UNEXECUTED,UNRESOLVED_CANONICAL_FEATURE_ID_CATALOG,OPEN,NOT_GREEN,NOT_GREEN,No source-derived route evidence at checkpoint; implementation/contract discovery required.
FOS-GOAT-030,Doe Reproduction Dashboard,goat,MAPPED,NO_ROUTE_EVIDENCE,UNEXECUTED,UNEXECUTED,UNEXECUTED,UNEXECUTED,UNEXECUTED,UNRESOLVED_CANONICAL_FEATURE_ID_CATALOG,OPEN,NOT_GREEN,NOT_GREEN,No source-derived route evidence at checkpoint; implementation/contract discovery required.
FOS-GOAT-031,Heat Record,goat,MAPPED,STATIC_SOURCE_MAP_HINT_ONLY,UNEXECUTED,UNEXECUTED,UNEXECUTED,UNEXECUTED,UNEXECUTED,UNRESOLVED_CANONICAL_FEATURE_ID_CATALOG,OPEN,NOT_GREEN,NOT_GREEN,Static evidence only; execute route/interaction tests before treating as reachable.
FOS-GOAT-032,Mating or Service,goat,MAPPED,STATIC_SOURCE_MAP_HINT_ONLY,UNEXECUTED,UNEXECUTED,UNEXECUTED,UNEXECUTED,UNEXECUTED,UNRESOLVED_CANONICAL_FEATURE_ID_CATALOG,OPEN,NOT_GREEN,NOT_GREEN,Static evidence only; execute route/interaction tests before treating as reachable.
FOS-GOAT-033,Sire Selector,goat,MAPPED,NO_ROUTE_EVIDENCE,UNEXECUTED,UNEXECUTED,UNEXECUTED,UNEXECUTED,UNEXECUTED,UNRESOLVED_CANONICAL_FEATURE_ID_CATALOG,OPEN,NOT_GREEN,NOT_GREEN,No source-derived route evidence at checkpoint; implementation/contract discovery required.
FOS-GOAT-034,Pregnancy Check,goat,MAPPED,STATIC_SOURCE_MAP_HINT_ONLY,UNEXECUTED,UNEXECUTED,UNEXECUTED,UNEXECUTED,UNEXECUTED,UNRESOLVED_CANONICAL_FEATURE_ID_CATALOG,OPEN,NOT_GREEN,NOT_GREEN,Static evidence only; execute route/interaction tests before treating as reachable.
FOS-GOAT-035,Pregnancy Dashboard,goat,MAPPED,NO_ROUTE_EVIDENCE,UNEXECUTED,UNEXECUTED,UNEXECUTED,UNEXECUTED,UNEXECUTED,UNRESOLVED_CANONICAL_FEATURE_ID_CATALOG,OPEN,NOT_GREEN,NOT_GREEN,No source-derived route evidence at checkpoint; implementation/contract discovery required.
FOS-GOAT-036,Kidding Due,goat,MAPPED,NO_ROUTE_EVIDENCE,UNEXECUTED,UNEXECUTED,UNEXECUTED,UNEXECUTED,UNEXECUTED,UNRESOLVED_CANONICAL_FEATURE_ID_CATALOG,OPEN,NOT_GREEN,NOT_GREEN,No source-derived route evidence at checkpoint; implementation/contract discovery required.
FOS-GOAT-037,Record Kidding,goat,MAPPED,STATIC_SOURCE_MAP_PLUS_CODE_ID_REFERENCE,UNEXECUTED,UNEXECUTED,UNEXECUTED,UNEXECUTED,UNEXECUTED,UNRESOLVED_CANONICAL_FEATURE_ID_CATALOG,OPEN,NOT_GREEN,NOT_GREEN,Static evidence only; execute route/interaction tests before treating as reachable.
FOS-GOAT-038,Kidding Event Detail,goat,MAPPED,NO_ROUTE_EVIDENCE,UNEXECUTED,UNEXECUTED,UNEXECUTED,UNEXECUTED,UNEXECUTED,UNRESOLVED_CANONICAL_FEATURE_ID_CATALOG,OPEN,NOT_GREEN,NOT_GREEN,No source-derived route evidence at checkpoint; implementation/contract discovery required.
FOS-GOAT-039,Register Kid,goat,MAPPED,STATIC_SOURCE_MAP_HINT_ONLY,UNEXECUTED,UNEXECUTED,UNEXECUTED,UNEXECUTED,UNEXECUTED,UNRESOLVED_CANONICAL_FEATURE_ID_CATALOG,OPEN,NOT_GREEN,NOT_GREEN,Static evidence only; execute route/interaction tests before treating as reachable.
FOS-GOAT-040,Kid Cohort,goat,MAPPED,NO_ROUTE_EVIDENCE,UNEXECUTED,UNEXECUTED,UNEXECUTED,UNEXECUTED,UNEXECUTED,UNRESOLVED_CANONICAL_FEATURE_ID_CATALOG,OPEN,NOT_GREEN,NOT_GREEN,No source-derived route evidence at checkpoint; implementation/contract discovery required.
FOS-GOAT-041,Kid Profile,goat,MAPPED,NO_ROUTE_EVIDENCE,UNEXECUTED,UNEXECUTED,UNEXECUTED,UNEXECUTED,UNEXECUTED,UNRESOLVED_CANONICAL_FEATURE_ID_CATALOG,OPEN,NOT_GREEN,NOT_GREEN,No source-derived route evidence at checkpoint; implementation/contract discovery required.
FOS-GOAT-042,Weaning,goat,MAPPED,NO_ROUTE_EVIDENCE,UNEXECUTED,UNEXECUTED,UNEXECUTED,UNEXECUTED,UNEXECUTED,UNRESOLVED_CANONICAL_FEATURE_ID_CATALOG,OPEN,NOT_GREEN,NOT_GREEN,No source-derived route evidence at checkpoint; implementation/contract discovery required.
FOS-GOAT-043,Lactation Plan,goat,MAPPED,STATIC_SOURCE_MAP_HINT_ONLY,UNEXECUTED,UNEXECUTED,UNEXECUTED,UNEXECUTED,UNEXECUTED,UNRESOLVED_CANONICAL_FEATURE_ID_CATALOG,OPEN,NOT_GREEN,NOT_GREEN,Static evidence only; execute route/interaction tests before treating as reachable.
FOS-GOAT-044,Pedigree Tree,goat,MAPPED,NO_ROUTE_EVIDENCE,UNEXECUTED,UNEXECUTED,UNEXECUTED,UNEXECUTED,UNEXECUTED,UNRESOLVED_CANONICAL_FEATURE_ID_CATALOG,OPEN,NOT_GREEN,NOT_GREEN,No source-derived route evidence at checkpoint; implementation/contract discovery required.
FOS-GOAT-045,Parentage Editor,goat,MAPPED,NO_ROUTE_EVIDENCE,UNEXECUTED,UNEXECUTED,UNEXECUTED,UNEXECUTED,UNEXECUTED,UNRESOLVED_CANONICAL_FEATURE_ID_CATALOG,OPEN,NOT_GREEN,NOT_GREEN,No source-derived route evidence at checkpoint; implementation/contract discovery required.
FOS-GOAT-046,Breeding Candidate Compare,goat,MAPPED,NO_ROUTE_EVIDENCE,UNEXECUTED,UNEXECUTED,UNEXECUTED,UNEXECUTED,UNEXECUTED,UNRESOLVED_CANONICAL_FEATURE_ID_CATALOG,OPEN,NOT_GREEN,NOT_GREEN,No source-derived route evidence at checkpoint; implementation/contract discovery required.
FOS-GOAT-047,Goat Groups,goat,MAPPED,NO_ROUTE_EVIDENCE,UNEXECUTED,UNEXECUTED,UNEXECUTED,UNEXECUTED,UNEXECUTED,UNRESOLVED_CANONICAL_FEATURE_ID_CATALOG,OPEN,NOT_GREEN,NOT_GREEN,No source-derived route evidence at checkpoint; implementation/contract discovery required.
FOS-GOAT-048,Group Membership,goat,MAPPED,NO_ROUTE_EVIDENCE,UNEXECUTED,UNEXECUTED,UNEXECUTED,UNEXECUTED,UNEXECUTED,UNRESOLVED_CANONICAL_FEATURE_ID_CATALOG,OPEN,NOT_GREEN,NOT_GREEN,No source-derived route evidence at checkpoint; implementation/contract discovery required.
FOS-GOAT-049,Goat Movement,goat,MAPPED,NO_ROUTE_EVIDENCE,UNEXECUTED,UNEXECUTED,UNEXECUTED,UNEXECUTED,UNEXECUTED,UNRESOLVED_CANONICAL_FEATURE_ID_CATALOG,OPEN,NOT_GREEN,NOT_GREEN,No source-derived route evidence at checkpoint; implementation/contract discovery required.
FOS-GOAT-050,Official Identifier,goat,MAPPED,NO_ROUTE_EVIDENCE,UNEXECUTED,UNEXECUTED,UNEXECUTED,UNEXECUTED,UNEXECUTED,UNRESOLVED_CANONICAL_FEATURE_ID_CATALOG,OPEN,NOT_GREEN,NOT_GREEN,No source-derived route evidence at checkpoint; implementation/contract discovery required.
FOS-GOAT-051,Status Change,goat,MAPPED,STATIC_SOURCE_MAP_PLUS_CODE_ID_REFERENCE,UNEXECUTED,UNEXECUTED,UNEXECUTED,UNEXECUTED,UNEXECUTED,UNRESOLVED_CANONICAL_FEATURE_ID_CATALOG,OPEN,NOT_GREEN,NOT_GREEN,Static evidence only; execute route/interaction tests before treating as reachable.
FOS-GOAT-052,Sale Exit,goat,MAPPED,NO_ROUTE_EVIDENCE,UNEXECUTED,UNEXECUTED,UNEXECUTED,UNEXECUTED,UNEXECUTED,UNRESOLVED_CANONICAL_FEATURE_ID_CATALOG,OPEN,NOT_GREEN,NOT_GREEN,No source-derived route evidence at checkpoint; implementation/contract discovery required.
FOS-GOAT-053,Mortality Record,goat,MAPPED,NO_ROUTE_EVIDENCE,UNEXECUTED,UNEXECUTED,UNEXECUTED,UNEXECUTED,UNEXECUTED,UNRESOLVED_CANONICAL_FEATURE_ID_CATALOG,OPEN,NOT_GREEN,NOT_GREEN,No source-derived route evidence at checkpoint; implementation/contract discovery required.
FOS-GOAT-054,Cull Record,goat,MAPPED,NO_ROUTE_EVIDENCE,UNEXECUTED,UNEXECUTED,UNEXECUTED,UNEXECUTED,UNEXECUTED,UNRESOLVED_CANONICAL_FEATURE_ID_CATALOG,OPEN,NOT_GREEN,NOT_GREEN,No source-derived route evidence at checkpoint; implementation/contract discovery required.
FOS-GOAT-055,Goat Report,goat,MAPPED,NO_ROUTE_EVIDENCE,UNEXECUTED,UNEXECUTED,UNEXECUTED,UNEXECUTED,UNEXECUTED,UNRESOLVED_CANONICAL_FEATURE_ID_CATALOG,OPEN,NOT_GREEN,NOT_GREEN,No source-derived route evidence at checkpoint; implementation/contract discovery required.
FOS-RABBIT-001,Rabbitry Dashboard,rabbit,MAPPED,STATIC_SOURCE_MAP_PLUS_CODE_ID_REFERENCE,UNEXECUTED,UNEXECUTED,UNEXECUTED,UNEXECUTED,UNEXECUTED,UNRESOLVED_CANONICAL_FEATURE_ID_CATALOG,OPEN,NOT_GREEN,NOT_GREEN,Static evidence only; execute route/interaction tests before treating as reachable.
FOS-RABBIT-002,Breeding Animals,rabbit,MAPPED,STATIC_SOURCE_MAP_PLUS_CODE_ID_REFERENCE,UNEXECUTED,UNEXECUTED,UNEXECUTED,UNEXECUTED,UNEXECUTED,UNRESOLVED_CANONICAL_FEATURE_ID_CATALOG,OPEN,NOT_GREEN,NOT_GREEN,Static evidence only; execute route/interaction tests before treating as reachable.
FOS-RABBIT-003,Doe Profile,rabbit,MAPPED,NO_ROUTE_EVIDENCE,UNEXECUTED,UNEXECUTED,UNEXECUTED,UNEXECUTED,UNEXECUTED,UNRESOLVED_CANONICAL_FEATURE_ID_CATALOG,OPEN,NOT_GREEN,NOT_GREEN,No source-derived route evidence at checkpoint; implementation/contract discovery required.
FOS-RABBIT-004,Buck Profile,rabbit,MAPPED,NO_ROUTE_EVIDENCE,UNEXECUTED,UNEXECUTED,UNEXECUTED,UNEXECUTED,UNEXECUTED,UNRESOLVED_CANONICAL_FEATURE_ID_CATALOG,OPEN,NOT_GREEN,NOT_GREEN,No source-derived route evidence at checkpoint; implementation/contract discovery required.
FOS-RABBIT-005,Rabbit Registration,rabbit,MAPPED,STATIC_SOURCE_MAP_PLUS_CODE_ID_REFERENCE,UNEXECUTED,UNEXECUTED,UNEXECUTED,UNEXECUTED,UNEXECUTED,UNRESOLVED_CANONICAL_FEATURE_ID_CATALOG,OPEN,NOT_GREEN,NOT_GREEN,Static evidence only; execute route/interaction tests before treating as reachable.
FOS-RABBIT-006,Cage Dashboard,rabbit,MAPPED,STATIC_SOURCE_MAP_PLUS_CODE_ID_REFERENCE,UNEXECUTED,UNEXECUTED,UNEXECUTED,UNEXECUTED,UNEXECUTED,UNRESOLVED_CANONICAL_FEATURE_ID_CATALOG,OPEN,NOT_GREEN,NOT_GREEN,Static evidence only; execute route/interaction tests before treating as reachable.
FOS-RABBIT-007,Cage Detail,rabbit,MAPPED,NO_ROUTE_EVIDENCE,UNEXECUTED,UNEXECUTED,UNEXECUTED,UNEXECUTED,UNEXECUTED,UNRESOLVED_CANONICAL_FEATURE_ID_CATALOG,OPEN,NOT_GREEN,NOT_GREEN,No source-derived route evidence at checkpoint; implementation/contract discovery required.
FOS-RABBIT-008,Cage Occupancy,rabbit,MAPPED,NO_ROUTE_EVIDENCE,UNEXECUTED,UNEXECUTED,UNEXECUTED,UNEXECUTED,UNEXECUTED,UNRESOLVED_CANONICAL_FEATURE_ID_CATALOG,OPEN,NOT_GREEN,NOT_GREEN,No source-derived route evidence at checkpoint; implementation/contract discovery required.
FOS-RABBIT-009,Breeding Wave,rabbit,MAPPED,STATIC_SOURCE_MAP_PLUS_CODE_ID_REFERENCE,UNEXECUTED,UNEXECUTED,UNEXECUTED,UNEXECUTED,UNEXECUTED,UNRESOLVED_CANONICAL_FEATURE_ID_CATALOG,OPEN,NOT_GREEN,NOT_GREEN,Static evidence only; execute route/interaction tests before treating as reachable.
FOS-RABBIT-010,Mating,rabbit,MAPPED,NO_ROUTE_EVIDENCE,UNEXECUTED,UNEXECUTED,UNEXECUTED,UNEXECUTED,UNEXECUTED,UNRESOLVED_CANONICAL_FEATURE_ID_CATALOG,OPEN,NOT_GREEN,NOT_GREEN,No source-derived route evidence at checkpoint; implementation/contract discovery required.
FOS-RABBIT-011,Palpation,rabbit,MAPPED,STATIC_SOURCE_MAP_PLUS_CODE_ID_REFERENCE,UNEXECUTED,UNEXECUTED,UNEXECUTED,UNEXECUTED,UNEXECUTED,UNRESOLVED_CANONICAL_FEATURE_ID_CATALOG,OPEN,NOT_GREEN,NOT_GREEN,Static evidence only; execute route/interaction tests before treating as reachable.
FOS-RABBIT-012,Pregnancy Status,rabbit,MAPPED,STATIC_SOURCE_MAP_PLUS_CODE_ID_REFERENCE,UNEXECUTED,UNEXECUTED,UNEXECUTED,UNEXECUTED,UNEXECUTED,UNRESOLVED_CANONICAL_FEATURE_ID_CATALOG,OPEN,NOT_GREEN,NOT_GREEN,Static evidence only; execute route/interaction tests before treating as reachable.
FOS-RABBIT-013,Nest-Box Schedule,rabbit,MAPPED,STATIC_SOURCE_MAP_PLUS_CODE_ID_REFERENCE,UNEXECUTED,UNEXECUTED,UNEXECUTED,UNEXECUTED,UNEXECUTED,UNRESOLVED_CANONICAL_FEATURE_ID_CATALOG,OPEN,NOT_GREEN,NOT_GREEN,Static evidence only; execute route/interaction tests before treating as reachable.
FOS-RABBIT-014,Nest Placement,rabbit,MAPPED,NO_ROUTE_EVIDENCE,UNEXECUTED,UNEXECUTED,UNEXECUTED,UNEXECUTED,UNEXECUTED,UNRESOLVED_CANONICAL_FEATURE_ID_CATALOG,OPEN,NOT_GREEN,NOT_GREEN,No source-derived route evidence at checkpoint; implementation/contract discovery required.
FOS-RABBIT-015,Nest Removal,rabbit,MAPPED,NO_ROUTE_EVIDENCE,UNEXECUTED,UNEXECUTED,UNEXECUTED,UNEXECUTED,UNEXECUTED,UNRESOLVED_CANONICAL_FEATURE_ID_CATALOG,OPEN,NOT_GREEN,NOT_GREEN,No source-derived route evidence at checkpoint; implementation/contract discovery required.
FOS-RABBIT-016,Kindling Due,rabbit,MAPPED,NO_ROUTE_EVIDENCE,UNEXECUTED,UNEXECUTED,UNEXECUTED,UNEXECUTED,UNEXECUTED,UNRESOLVED_CANONICAL_FEATURE_ID_CATALOG,OPEN,NOT_GREEN,NOT_GREEN,No source-derived route evidence at checkpoint; implementation/contract discovery required.
FOS-RABBIT-017,Record Kindling,rabbit,MAPPED,STATIC_SOURCE_MAP_PLUS_CODE_ID_REFERENCE,UNEXECUTED,UNEXECUTED,UNEXECUTED,UNEXECUTED,UNEXECUTED,UNRESOLVED_CANONICAL_FEATURE_ID_CATALOG,OPEN,NOT_GREEN,NOT_GREEN,Static evidence only; execute route/interaction tests before treating as reachable.
FOS-RABBIT-018,Litter Profile,rabbit,MAPPED,NO_ROUTE_EVIDENCE,UNEXECUTED,UNEXECUTED,UNEXECUTED,UNEXECUTED,UNEXECUTED,UNRESOLVED_CANONICAL_FEATURE_ID_CATALOG,OPEN,NOT_GREEN,NOT_GREEN,No source-derived route evidence at checkpoint; implementation/contract discovery required.
FOS-RABBIT-019,Kit Census,rabbit,MAPPED,NO_ROUTE_EVIDENCE,UNEXECUTED,UNEXECUTED,UNEXECUTED,UNEXECUTED,UNEXECUTED,UNRESOLVED_CANONICAL_FEATURE_ID_CATALOG,OPEN,NOT_GREEN,NOT_GREEN,No source-derived route evidence at checkpoint; implementation/contract discovery required.
FOS-RABBIT-020,Foster Kits,rabbit,MAPPED,STATIC_SOURCE_MAP_PLUS_CODE_ID_REFERENCE,UNEXECUTED,UNEXECUTED,UNEXECUTED,UNEXECUTED,UNEXECUTED,UNRESOLVED_CANONICAL_FEATURE_ID_CATALOG,OPEN,NOT_GREEN,NOT_GREEN,Static evidence only; execute route/interaction tests before treating as reachable.
FOS-RABBIT-021,Kit Mortality,rabbit,MAPPED,NO_ROUTE_EVIDENCE,UNEXECUTED,UNEXECUTED,UNEXECUTED,UNEXECUTED,UNEXECUTED,UNRESOLVED_CANONICAL_FEATURE_ID_CATALOG,OPEN,NOT_GREEN,NOT_GREEN,No source-derived route evidence at checkpoint; implementation/contract discovery required.
FOS-RABBIT-022,Weaning,rabbit,MAPPED,STATIC_SOURCE_MAP_PLUS_CODE_ID_REFERENCE,UNEXECUTED,UNEXECUTED,UNEXECUTED,UNEXECUTED,UNEXECUTED,UNRESOLVED_CANONICAL_FEATURE_ID_CATALOG,OPEN,NOT_GREEN,NOT_GREEN,Static evidence only; execute route/interaction tests before treating as reachable.
FOS-RABBIT-023,Individualise Kits,rabbit,MAPPED,NO_ROUTE_EVIDENCE,UNEXECUTED,UNEXECUTED,UNEXECUTED,UNEXECUTED,UNEXECUTED,UNRESOLVED_CANONICAL_FEATURE_ID_CATALOG,OPEN,NOT_GREEN,NOT_GREEN,No source-derived route evidence at checkpoint; implementation/contract discovery required.
FOS-RABBIT-024,Retention Selection,rabbit,MAPPED,NO_ROUTE_EVIDENCE,UNEXECUTED,UNEXECUTED,UNEXECUTED,UNEXECUTED,UNEXECUTED,UNRESOLVED_CANONICAL_FEATURE_ID_CATALOG,OPEN,NOT_GREEN,NOT_GREEN,No source-derived route evidence at checkpoint; implementation/contract discovery required.
FOS-RABBIT-025,Replacement Candidate Compare,rabbit,MAPPED,NO_ROUTE_EVIDENCE,UNEXECUTED,UNEXECUTED,UNEXECUTED,UNEXECUTED,UNEXECUTED,UNRESOLVED_CANONICAL_FEATURE_ID_CATALOG,OPEN,NOT_GREEN,NOT_GREEN,No source-derived route evidence at checkpoint; implementation/contract discovery required.
FOS-RABBIT-026,Market Plan,rabbit,MAPPED,NO_ROUTE_EVIDENCE,UNEXECUTED,UNEXECUTED,UNEXECUTED,UNEXECUTED,UNEXECUTED,UNRESOLVED_CANONICAL_FEATURE_ID_CATALOG,OPEN,NOT_GREEN,NOT_GREEN,No source-derived route evidence at checkpoint; implementation/contract discovery required.
FOS-RABBIT-027,Customer Waitlist,rabbit,MAPPED,STATIC_CODE_ID_REFERENCE_ONLY,UNEXECUTED,UNEXECUTED,UNEXECUTED,UNEXECUTED,UNEXECUTED,UNRESOLVED_CANONICAL_FEATURE_ID_CATALOG,OPEN,NOT_GREEN,NOT_GREEN,Static evidence only; execute route/interaction tests before treating as reachable.
FOS-RABBIT-028,Reservation,rabbit,MAPPED,NO_ROUTE_EVIDENCE,UNEXECUTED,UNEXECUTED,UNEXECUTED,UNEXECUTED,UNEXECUTED,UNRESOLVED_CANONICAL_FEATURE_ID_CATALOG,OPEN,NOT_GREEN,NOT_GREEN,No source-derived route evidence at checkpoint; implementation/contract discovery required.
FOS-RABBIT-029,Contract,rabbit,MAPPED,NO_ROUTE_EVIDENCE,UNEXECUTED,UNEXECUTED,UNEXECUTED,UNEXECUTED,UNEXECUTED,UNRESOLVED_CANONICAL_FEATURE_ID_CATALOG,OPEN,NOT_GREEN,NOT_GREEN,No source-derived route evidence at checkpoint; implementation/contract discovery required.
FOS-RABBIT-030,Sale Allocation,rabbit,MAPPED,NO_ROUTE_EVIDENCE,UNEXECUTED,UNEXECUTED,UNEXECUTED,UNEXECUTED,UNEXECUTED,UNRESOLVED_CANONICAL_FEATURE_ID_CATALOG,OPEN,NOT_GREEN,NOT_GREEN,No source-derived route evidence at checkpoint; implementation/contract discovery required.
FOS-RABBIT-031,Rabbit Pedigree,rabbit,MAPPED,NO_ROUTE_EVIDENCE,UNEXECUTED,UNEXECUTED,UNEXECUTED,UNEXECUTED,UNEXECUTED,UNRESOLVED_CANONICAL_FEATURE_ID_CATALOG,OPEN,NOT_GREEN,NOT_GREEN,No source-derived route evidence at checkpoint; implementation/contract discovery required.
FOS-RABBIT-032,Rabbit Weight,rabbit,MAPPED,NO_ROUTE_EVIDENCE,UNEXECUTED,UNEXECUTED,UNEXECUTED,UNEXECUTED,UNEXECUTED,UNRESOLVED_CANONICAL_FEATURE_ID_CATALOG,OPEN,NOT_GREEN,NOT_GREEN,No source-derived route evidence at checkpoint; implementation/contract discovery required.
FOS-RABBIT-033,Rabbit Health,rabbit,MAPPED,NO_ROUTE_EVIDENCE,UNEXECUTED,UNEXECUTED,UNEXECUTED,UNEXECUTED,UNEXECUTED,UNRESOLVED_CANONICAL_FEATURE_ID_CATALOG,OPEN,NOT_GREEN,NOT_GREEN,No source-derived route evidence at checkpoint; implementation/contract discovery required.
FOS-RABBIT-034,GI Stasis Red-Flag,rabbit,MAPPED,STATIC_SOURCE_MAP_PLUS_CODE_ID_REFERENCE,UNEXECUTED,UNEXECUTED,UNEXECUTED,UNEXECUTED,UNEXECUTED,UNRESOLVED_CANONICAL_FEATURE_ID_CATALOG,OPEN,NOT_GREEN,NOT_GREEN,Static evidence only; execute route/interaction tests before treating as reachable.
FOS-RABBIT-035,Rabbit Timeline,rabbit,MAPPED,NO_ROUTE_EVIDENCE,UNEXECUTED,UNEXECUTED,UNEXECUTED,UNEXECUTED,UNEXECUTED,UNRESOLVED_CANONICAL_FEATURE_ID_CATALOG,OPEN,NOT_GREEN,NOT_GREEN,No source-derived route evidence at checkpoint; implementation/contract discovery required.
FOS-RABBIT-036,Rabbit Report,rabbit,MAPPED,NO_ROUTE_EVIDENCE,UNEXECUTED,UNEXECUTED,UNEXECUTED,UNEXECUTED,UNEXECUTED,UNRESOLVED_CANONICAL_FEATURE_ID_CATALOG,OPEN,NOT_GREEN,NOT_GREEN,No source-derived route evidence at checkpoint; implementation/contract discovery required.
FOS-SHEEP-001,Sheep Dashboard,sheep,MAPPED,STATIC_SOURCE_MAP_HINT_ONLY,UNEXECUTED,UNEXECUTED,UNEXECUTED,UNEXECUTED,UNEXECUTED,UNRESOLVED_CANONICAL_FEATURE_ID_CATALOG,OPEN,NOT_GREEN,NOT_GREEN,Static evidence only; execute route/interaction tests before treating as reachable.
FOS-SHEEP-002,Mob or Flock List,sheep,MAPPED,STATIC_SOURCE_MAP_HINT_ONLY,UNEXECUTED,UNEXECUTED,UNEXECUTED,UNEXECUTED,UNEXECUTED,UNRESOLVED_CANONICAL_FEATURE_ID_CATALOG,OPEN,NOT_GREEN,NOT_GREEN,Static evidence only; execute route/interaction tests before treating as reachable.
FOS-SHEEP-003,Sheep Profile,sheep,MAPPED,STATIC_SOURCE_MAP_HINT_ONLY,UNEXECUTED,UNEXECUTED,UNEXECUTED,UNEXECUTED,UNEXECUTED,UNRESOLVED_CANONICAL_FEATURE_ID_CATALOG,OPEN,NOT_GREEN,NOT_GREEN,Static evidence only; execute route/interaction tests before treating as reachable.
FOS-SHEEP-004,Sheep Registration,sheep,MAPPED,STATIC_SOURCE_MAP_HINT_ONLY,UNEXECUTED,UNEXECUTED,UNEXECUTED,UNEXECUTED,UNEXECUTED,UNRESOLVED_CANONICAL_FEATURE_ID_CATALOG,OPEN,NOT_GREEN,NOT_GREEN,Static evidence only; execute route/interaction tests before treating as reachable.
FOS-SHEEP-005,EID Scan,sheep,MAPPED,NO_ROUTE_EVIDENCE,UNEXECUTED,UNEXECUTED,UNEXECUTED,UNEXECUTED,UNEXECUTED,UNRESOLVED_CANONICAL_FEATURE_ID_CATALOG,OPEN,NOT_GREEN,NOT_GREEN,No source-derived route evidence at checkpoint; implementation/contract discovery required.
FOS-SHEEP-006,Weight Capture,sheep,MAPPED,STATIC_SOURCE_MAP_HINT_ONLY,UNEXECUTED,UNEXECUTED,UNEXECUTED,UNEXECUTED,UNEXECUTED,UNRESOLVED_CANONICAL_FEATURE_ID_CATALOG,OPEN,NOT_GREEN,NOT_GREEN,Static evidence only; execute route/interaction tests before treating as reachable.
FOS-SHEEP-007,Growth History,sheep,MAPPED,NO_ROUTE_EVIDENCE,UNEXECUTED,UNEXECUTED,UNEXECUTED,UNEXECUTED,UNEXECUTED,UNRESOLVED_CANONICAL_FEATURE_ID_CATALOG,OPEN,NOT_GREEN,NOT_GREEN,No source-derived route evidence at checkpoint; implementation/contract discovery required.
FOS-SHEEP-008,BCS,sheep,MAPPED,NO_ROUTE_EVIDENCE,UNEXECUTED,UNEXECUTED,UNEXECUTED,UNEXECUTED,UNEXECUTED,UNRESOLVED_CANONICAL_FEATURE_ID_CATALOG,OPEN,NOT_GREEN,NOT_GREEN,No source-derived route evidence at checkpoint; implementation/contract discovery required.
FOS-SHEEP-009,FAMACHA,sheep,MAPPED,STATIC_SOURCE_MAP_PLUS_CODE_ID_REFERENCE,UNEXECUTED,UNEXECUTED,UNEXECUTED,UNEXECUTED,UNEXECUTED,UNRESOLVED_CANONICAL_FEATURE_ID_CATALOG,OPEN,NOT_GREEN,NOT_GREEN,Static evidence only; execute route/interaction tests before treating as reachable.
FOS-SHEEP-010,Joining Dashboard,sheep,MAPPED,STATIC_SOURCE_MAP_PLUS_CODE_ID_REFERENCE,UNEXECUTED,UNEXECUTED,UNEXECUTED,UNEXECUTED,UNEXECUTED,UNRESOLVED_CANONICAL_FEATURE_ID_CATALOG,OPEN,NOT_GREEN,NOT_GREEN,Static evidence only; execute route/interaction tests before treating as reachable.
FOS-SHEEP-011,Record Joining,sheep,MAPPED,STATIC_SOURCE_MAP_PLUS_CODE_ID_REFERENCE,UNEXECUTED,UNEXECUTED,UNEXECUTED,UNEXECUTED,UNEXECUTED,UNRESOLVED_CANONICAL_FEATURE_ID_CATALOG,OPEN,NOT_GREEN,NOT_GREEN,Static evidence only; execute route/interaction tests before treating as reachable.
FOS-SHEEP-012,Pregnancy Scan,sheep,MAPPED,STATIC_SOURCE_MAP_PLUS_CODE_ID_REFERENCE,UNEXECUTED,UNEXECUTED,UNEXECUTED,UNEXECUTED,UNEXECUTED,UNRESOLVED_CANONICAL_FEATURE_ID_CATALOG,OPEN,NOT_GREEN,NOT_GREEN,Static evidence only; execute route/interaction tests before treating as reachable.
FOS-SHEEP-013,Lambing Due,sheep,MAPPED,NO_ROUTE_EVIDENCE,UNEXECUTED,UNEXECUTED,UNEXECUTED,UNEXECUTED,UNEXECUTED,UNRESOLVED_CANONICAL_FEATURE_ID_CATALOG,OPEN,NOT_GREEN,NOT_GREEN,No source-derived route evidence at checkpoint; implementation/contract discovery required.
FOS-SHEEP-014,Record Lambing,sheep,MAPPED,STATIC_SOURCE_MAP_PLUS_CODE_ID_REFERENCE,UNEXECUTED,UNEXECUTED,UNEXECUTED,UNEXECUTED,UNEXECUTED,UNRESOLVED_CANONICAL_FEATURE_ID_CATALOG,OPEN,NOT_GREEN,NOT_GREEN,Static evidence only; execute route/interaction tests before treating as reachable.
FOS-SHEEP-015,Lamb Profile,sheep,MAPPED,NO_ROUTE_EVIDENCE,UNEXECUTED,UNEXECUTED,UNEXECUTED,UNEXECUTED,UNEXECUTED,UNRESOLVED_CANONICAL_FEATURE_ID_CATALOG,OPEN,NOT_GREEN,NOT_GREEN,No source-derived route evidence at checkpoint; implementation/contract discovery required.
FOS-SHEEP-016,Lamb Marking,sheep,MAPPED,STATIC_SOURCE_MAP_PLUS_CODE_ID_REFERENCE,UNEXECUTED,UNEXECUTED,UNEXECUTED,UNEXECUTED,UNEXECUTED,UNRESOLVED_CANONICAL_FEATURE_ID_CATALOG,OPEN,NOT_GREEN,NOT_GREEN,Static evidence only; execute route/interaction tests before treating as reachable.
FOS-SHEEP-017,Weaning,sheep,MAPPED,STATIC_SOURCE_MAP_PLUS_CODE_ID_REFERENCE,UNEXECUTED,UNEXECUTED,UNEXECUTED,UNEXECUTED,UNEXECUTED,UNRESOLVED_CANONICAL_FEATURE_ID_CATALOG,OPEN,NOT_GREEN,NOT_GREEN,Static evidence only; execute route/interaction tests before treating as reachable.
FOS-SHEEP-018,Wool Dashboard,sheep,MAPPED,NO_ROUTE_EVIDENCE,UNEXECUTED,UNEXECUTED,UNEXECUTED,UNEXECUTED,UNEXECUTED,UNRESOLVED_CANONICAL_FEATURE_ID_CATALOG,OPEN,NOT_GREEN,NOT_GREEN,No source-derived route evidence at checkpoint; implementation/contract discovery required.
FOS-SHEEP-019,Shearing,sheep,MAPPED,STATIC_SOURCE_MAP_PLUS_CODE_ID_REFERENCE,UNEXECUTED,UNEXECUTED,UNEXECUTED,UNEXECUTED,UNEXECUTED,UNRESOLVED_CANONICAL_FEATURE_ID_CATALOG,OPEN,NOT_GREEN,NOT_GREEN,Static evidence only; execute route/interaction tests before treating as reachable.
FOS-SHEEP-020,Fleece Record,sheep,MAPPED,STATIC_SOURCE_MAP_PLUS_CODE_ID_REFERENCE,UNEXECUTED,UNEXECUTED,UNEXECUTED,UNEXECUTED,UNEXECUTED,UNRESOLVED_CANONICAL_FEATURE_ID_CATALOG,OPEN,NOT_GREEN,NOT_GREEN,Static evidence only; execute route/interaction tests before treating as reachable.
FOS-SHEEP-021,Micron or Fibre Result,sheep,MAPPED,STATIC_SOURCE_MAP_PLUS_CODE_ID_REFERENCE,UNEXECUTED,UNEXECUTED,UNEXECUTED,UNEXECUTED,UNEXECUTED,UNRESOLVED_CANONICAL_FEATURE_ID_CATALOG,OPEN,NOT_GREEN,NOT_GREEN,Static evidence only; execute route/interaction tests before treating as reachable.
FOS-SHEEP-022,Dag Score,sheep,MAPPED,STATIC_SOURCE_MAP_PLUS_CODE_ID_REFERENCE,UNEXECUTED,UNEXECUTED,UNEXECUTED,UNEXECUTED,UNEXECUTED,UNRESOLVED_CANONICAL_FEATURE_ID_CATALOG,OPEN,NOT_GREEN,NOT_GREEN,Static evidence only; execute route/interaction tests before treating as reachable.
FOS-SHEEP-023,Footrot,sheep,MAPPED,STATIC_SOURCE_MAP_PLUS_CODE_ID_REFERENCE,UNEXECUTED,UNEXECUTED,UNEXECUTED,UNEXECUTED,UNEXECUTED,UNRESOLVED_CANONICAL_FEATURE_ID_CATALOG,OPEN,NOT_GREEN,NOT_GREEN,Static evidence only; execute route/interaction tests before treating as reachable.
FOS-SHEEP-024,Flystrike,sheep,MAPPED,STATIC_SOURCE_MAP_PLUS_CODE_ID_REFERENCE,UNEXECUTED,UNEXECUTED,UNEXECUTED,UNEXECUTED,UNEXECUTED,UNRESOLVED_CANONICAL_FEATURE_ID_CATALOG,OPEN,NOT_GREEN,NOT_GREEN,Static evidence only; execute route/interaction tests before treating as reachable.
FOS-SHEEP-025,Health Summary,sheep,MAPPED,NO_ROUTE_EVIDENCE,UNEXECUTED,UNEXECUTED,UNEXECUTED,UNEXECUTED,UNEXECUTED,UNRESOLVED_CANONICAL_FEATURE_ID_CATALOG,OPEN,NOT_GREEN,NOT_GREEN,No source-derived route evidence at checkpoint; implementation/contract discovery required.
FOS-SHEEP-026,Pedigree,sheep,MAPPED,STATIC_SOURCE_MAP_PLUS_CODE_ID_REFERENCE,UNEXECUTED,UNEXECUTED,UNEXECUTED,UNEXECUTED,UNEXECUTED,UNRESOLVED_CANONICAL_FEATURE_ID_CATALOG,OPEN,NOT_GREEN,NOT_GREEN,Static evidence only; execute route/interaction tests before treating as reachable.
FOS-SHEEP-027,Movement,sheep,MAPPED,STATIC_SOURCE_MAP_PLUS_CODE_ID_REFERENCE,UNEXECUTED,UNEXECUTED,UNEXECUTED,UNEXECUTED,UNEXECUTED,UNRESOLVED_CANONICAL_FEATURE_ID_CATALOG,OPEN,NOT_GREEN,NOT_GREEN,Static evidence only; execute route/interaction tests before treating as reachable.
FOS-SHEEP-028,Paddock Assignment,sheep,MAPPED,NO_ROUTE_EVIDENCE,UNEXECUTED,UNEXECUTED,UNEXECUTED,UNEXECUTED,UNEXECUTED,UNRESOLVED_CANONICAL_FEATURE_ID_CATALOG,OPEN,NOT_GREEN,NOT_GREEN,No source-derived route evidence at checkpoint; implementation/contract discovery required.
FOS-SHEEP-029,Official Identifier,sheep,MAPPED,STATIC_SOURCE_MAP_PLUS_CODE_ID_REFERENCE,UNEXECUTED,UNEXECUTED,UNEXECUTED,UNEXECUTED,UNEXECUTED,UNRESOLVED_CANONICAL_FEATURE_ID_CATALOG,OPEN,NOT_GREEN,NOT_GREEN,Static evidence only; execute route/interaction tests before treating as reachable.
FOS-SHEEP-030,Status Change,sheep,MAPPED,STATIC_SOURCE_MAP_PLUS_CODE_ID_REFERENCE,UNEXECUTED,UNEXECUTED,UNEXECUTED,UNEXECUTED,UNEXECUTED,UNRESOLVED_CANONICAL_FEATURE_ID_CATALOG,OPEN,NOT_GREEN,NOT_GREEN,Static evidence only; execute route/interaction tests before treating as reachable.
FOS-SHEEP-031,Timeline,sheep,MAPPED,NO_ROUTE_EVIDENCE,UNEXECUTED,UNEXECUTED,UNEXECUTED,UNEXECUTED,UNEXECUTED,UNRESOLVED_CANONICAL_FEATURE_ID_CATALOG,OPEN,NOT_GREEN,NOT_GREEN,No source-derived route evidence at checkpoint; implementation/contract discovery required.
FOS-SHEEP-032,Sheep Report,sheep,MAPPED,NO_ROUTE_EVIDENCE,UNEXECUTED,UNEXECUTED,UNEXECUTED,UNEXECUTED,UNEXECUTED,UNRESOLVED_CANONICAL_FEATURE_ID_CATALOG,OPEN,NOT_GREEN,NOT_GREEN,No source-derived route evidence at checkpoint; implementation/contract discovery required.
FOS-CATTLE-001,Cattle Dashboard,cattle,MAPPED,STATIC_SOURCE_MAP_HINT_ONLY,UNEXECUTED,UNEXECUTED,UNEXECUTED,UNEXECUTED,UNEXECUTED,UNRESOLVED_CANONICAL_FEATURE_ID_CATALOG,OPEN,NOT_GREEN,NOT_GREEN,Static evidence only; execute route/interaction tests before treating as reachable.
FOS-CATTLE-002,Herd or Mob or Lot List,cattle,MAPPED,STATIC_SOURCE_MAP_HINT_ONLY,UNEXECUTED,UNEXECUTED,UNEXECUTED,UNEXECUTED,UNEXECUTED,UNRESOLVED_CANONICAL_FEATURE_ID_CATALOG,OPEN,NOT_GREEN,NOT_GREEN,Static evidence only; execute route/interaction tests before treating as reachable.
FOS-CATTLE-003,Cattle Profile,cattle,MAPPED,STATIC_SOURCE_MAP_HINT_ONLY,UNEXECUTED,UNEXECUTED,UNEXECUTED,UNEXECUTED,UNEXECUTED,UNRESOLVED_CANONICAL_FEATURE_ID_CATALOG,OPEN,NOT_GREEN,NOT_GREEN,Static evidence only; execute route/interaction tests before treating as reachable.
FOS-CATTLE-004,Cattle Registration,cattle,MAPPED,STATIC_SOURCE_MAP_HINT_ONLY,UNEXECUTED,UNEXECUTED,UNEXECUTED,UNEXECUTED,UNEXECUTED,UNRESOLVED_CANONICAL_FEATURE_ID_CATALOG,OPEN,NOT_GREEN,NOT_GREEN,Static evidence only; execute route/interaction tests before treating as reachable.
FOS-CATTLE-005,EID or Official Identifier,cattle,MAPPED,STATIC_SOURCE_MAP_PLUS_CODE_ID_REFERENCE,UNEXECUTED,UNEXECUTED,UNEXECUTED,UNEXECUTED,UNEXECUTED,UNRESOLVED_CANONICAL_FEATURE_ID_CATALOG,OPEN,NOT_GREEN,NOT_GREEN,Static evidence only; execute route/interaction tests before treating as reachable.
FOS-CATTLE-006,Weight Capture,cattle,MAPPED,STATIC_SOURCE_MAP_HINT_ONLY,UNEXECUTED,UNEXECUTED,UNEXECUTED,UNEXECUTED,UNEXECUTED,UNRESOLVED_CANONICAL_FEATURE_ID_CATALOG,OPEN,NOT_GREEN,NOT_GREEN,Static evidence only; execute route/interaction tests before treating as reachable.
FOS-CATTLE-007,Growth History,cattle,MAPPED,NO_ROUTE_EVIDENCE,UNEXECUTED,UNEXECUTED,UNEXECUTED,UNEXECUTED,UNEXECUTED,UNRESOLVED_CANONICAL_FEATURE_ID_CATALOG,OPEN,NOT_GREEN,NOT_GREEN,No source-derived route evidence at checkpoint; implementation/contract discovery required.
FOS-CATTLE-008,BCS,cattle,MAPPED,STATIC_SOURCE_MAP_PLUS_CODE_ID_REFERENCE,UNEXECUTED,UNEXECUTED,UNEXECUTED,UNEXECUTED,UNEXECUTED,UNRESOLVED_CANONICAL_FEATURE_ID_CATALOG,OPEN,NOT_GREEN,NOT_GREEN,Static evidence only; execute route/interaction tests before treating as reachable.
FOS-CATTLE-009,Heat Detection,cattle,MAPPED,NO_ROUTE_EVIDENCE,UNEXECUTED,UNEXECUTED,UNEXECUTED,UNEXECUTED,UNEXECUTED,UNRESOLVED_CANONICAL_FEATURE_ID_CATALOG,OPEN,NOT_GREEN,NOT_GREEN,No source-derived route evidence at checkpoint; implementation/contract discovery required.
FOS-CATTLE-010,Service,cattle,MAPPED,STATIC_SOURCE_MAP_PLUS_CODE_ID_REFERENCE,UNEXECUTED,UNEXECUTED,UNEXECUTED,UNEXECUTED,UNEXECUTED,UNRESOLVED_CANONICAL_FEATURE_ID_CATALOG,OPEN,NOT_GREEN,NOT_GREEN,Static evidence only; execute route/interaction tests before treating as reachable.
FOS-CATTLE-011,AI Record,cattle,MAPPED,NO_ROUTE_EVIDENCE,UNEXECUTED,UNEXECUTED,UNEXECUTED,UNEXECUTED,UNEXECUTED,UNRESOLVED_CANONICAL_FEATURE_ID_CATALOG,OPEN,NOT_GREEN,NOT_GREEN,No source-derived route evidence at checkpoint; implementation/contract discovery required.
FOS-CATTLE-012,ET Record,cattle,MAPPED,NO_ROUTE_EVIDENCE,UNEXECUTED,UNEXECUTED,UNEXECUTED,UNEXECUTED,UNEXECUTED,UNRESOLVED_CANONICAL_FEATURE_ID_CATALOG,OPEN,NOT_GREEN,NOT_GREEN,No source-derived route evidence at checkpoint; implementation/contract discovery required.
FOS-CATTLE-013,Pregnancy Diagnosis,cattle,MAPPED,STATIC_SOURCE_MAP_PLUS_CODE_ID_REFERENCE,UNEXECUTED,UNEXECUTED,UNEXECUTED,UNEXECUTED,UNEXECUTED,UNRESOLVED_CANONICAL_FEATURE_ID_CATALOG,OPEN,NOT_GREEN,NOT_GREEN,Static evidence only; execute route/interaction tests before treating as reachable.
FOS-CATTLE-014,Calving Due,cattle,MAPPED,NO_ROUTE_EVIDENCE,UNEXECUTED,UNEXECUTED,UNEXECUTED,UNEXECUTED,UNEXECUTED,UNRESOLVED_CANONICAL_FEATURE_ID_CATALOG,OPEN,NOT_GREEN,NOT_GREEN,No source-derived route evidence at checkpoint; implementation/contract discovery required.
FOS-CATTLE-015,Record Calving,cattle,MAPPED,STATIC_SOURCE_MAP_PLUS_CODE_ID_REFERENCE,UNEXECUTED,UNEXECUTED,UNEXECUTED,UNEXECUTED,UNEXECUTED,UNRESOLVED_CANONICAL_FEATURE_ID_CATALOG,OPEN,NOT_GREEN,NOT_GREEN,Static evidence only; execute route/interaction tests before treating as reachable.
FOS-CATTLE-016,Calf Registration,cattle,MAPPED,NO_ROUTE_EVIDENCE,UNEXECUTED,UNEXECUTED,UNEXECUTED,UNEXECUTED,UNEXECUTED,UNRESOLVED_CANONICAL_FEATURE_ID_CATALOG,OPEN,NOT_GREEN,NOT_GREEN,No source-derived route evidence at checkpoint; implementation/contract discovery required.
FOS-CATTLE-017,Weaning,cattle,MAPPED,STATIC_SOURCE_MAP_PLUS_CODE_ID_REFERENCE,UNEXECUTED,UNEXECUTED,UNEXECUTED,UNEXECUTED,UNEXECUTED,UNRESOLVED_CANONICAL_FEATURE_ID_CATALOG,OPEN,NOT_GREEN,NOT_GREEN,Static evidence only; execute route/interaction tests before treating as reachable.
FOS-CATTLE-018,Dairy Dashboard,cattle,MAPPED,STATIC_SOURCE_MAP_PLUS_CODE_ID_REFERENCE,UNEXECUTED,UNEXECUTED,UNEXECUTED,UNEXECUTED,UNEXECUTED,UNRESOLVED_CANONICAL_FEATURE_ID_CATALOG,OPEN,NOT_GREEN,NOT_GREEN,Static evidence only; execute route/interaction tests before treating as reachable.
FOS-CATTLE-019,Milk Capture,cattle,MAPPED,STATIC_SOURCE_MAP_PLUS_CODE_ID_REFERENCE,UNEXECUTED,UNEXECUTED,UNEXECUTED,UNEXECUTED,UNEXECUTED,UNRESOLVED_CANONICAL_FEATURE_ID_CATALOG,OPEN,NOT_GREEN,NOT_GREEN,Static evidence only; execute route/interaction tests before treating as reachable.
FOS-CATTLE-020,Lactation History,cattle,MAPPED,NO_ROUTE_EVIDENCE,UNEXECUTED,UNEXECUTED,UNEXECUTED,UNEXECUTED,UNEXECUTED,UNRESOLVED_CANONICAL_FEATURE_ID_CATALOG,OPEN,NOT_GREEN,NOT_GREEN,No source-derived route evidence at checkpoint; implementation/contract discovery required.
FOS-CATTLE-021,SCC Capture,cattle,MAPPED,STATIC_SOURCE_MAP_PLUS_CODE_ID_REFERENCE,UNEXECUTED,UNEXECUTED,UNEXECUTED,UNEXECUTED,UNEXECUTED,UNRESOLVED_CANONICAL_FEATURE_ID_CATALOG,OPEN,NOT_GREEN,NOT_GREEN,Static evidence only; execute route/interaction tests before treating as reachable.
FOS-CATTLE-022,SCC History,cattle,MAPPED,NO_ROUTE_EVIDENCE,UNEXECUTED,UNEXECUTED,UNEXECUTED,UNEXECUTED,UNEXECUTED,UNRESOLVED_CANONICAL_FEATURE_ID_CATALOG,OPEN,NOT_GREEN,NOT_GREEN,No source-derived route evidence at checkpoint; implementation/contract discovery required.
FOS-CATTLE-023,Locomotion Score,cattle,MAPPED,STATIC_SOURCE_MAP_PLUS_CODE_ID_REFERENCE,UNEXECUTED,UNEXECUTED,UNEXECUTED,UNEXECUTED,UNEXECUTED,UNRESOLVED_CANONICAL_FEATURE_ID_CATALOG,OPEN,NOT_GREEN,NOT_GREEN,Static evidence only; execute route/interaction tests before treating as reachable.
FOS-CATTLE-024,Dry-Off,cattle,MAPPED,STATIC_SOURCE_MAP_PLUS_CODE_ID_REFERENCE,UNEXECUTED,UNEXECUTED,UNEXECUTED,UNEXECUTED,UNEXECUTED,UNRESOLVED_CANONICAL_FEATURE_ID_CATALOG,OPEN,NOT_GREEN,NOT_GREEN,Static evidence only; execute route/interaction tests before treating as reachable.
FOS-CATTLE-025,Beef Dashboard,cattle,MAPPED,NO_ROUTE_EVIDENCE,UNEXECUTED,UNEXECUTED,UNEXECUTED,UNEXECUTED,UNEXECUTED,UNRESOLVED_CANONICAL_FEATURE_ID_CATALOG,OPEN,NOT_GREEN,NOT_GREEN,No source-derived route evidence at checkpoint; implementation/contract discovery required.
FOS-CATTLE-026,Feedlot Placement,cattle,MAPPED,STATIC_SOURCE_MAP_PLUS_CODE_ID_REFERENCE,UNEXECUTED,UNEXECUTED,UNEXECUTED,UNEXECUTED,UNEXECUTED,UNRESOLVED_CANONICAL_FEATURE_ID_CATALOG,OPEN,NOT_GREEN,NOT_GREEN,Static evidence only; execute route/interaction tests before treating as reachable.
FOS-CATTLE-027,Feedlot Lot Detail,cattle,MAPPED,NO_ROUTE_EVIDENCE,UNEXECUTED,UNEXECUTED,UNEXECUTED,UNEXECUTED,UNEXECUTED,UNRESOLVED_CANONICAL_FEATURE_ID_CATALOG,OPEN,NOT_GREEN,NOT_GREEN,No source-derived route evidence at checkpoint; implementation/contract discovery required.
FOS-CATTLE-028,Days on Feed,cattle,MAPPED,STATIC_SOURCE_MAP_PLUS_CODE_ID_REFERENCE,UNEXECUTED,UNEXECUTED,UNEXECUTED,UNEXECUTED,UNEXECUTED,UNRESOLVED_CANONICAL_FEATURE_ID_CATALOG,OPEN,NOT_GREEN,NOT_GREEN,Static evidence only; execute route/interaction tests before treating as reachable.
FOS-CATTLE-029,Lot Close-Out,cattle,MAPPED,STATIC_SOURCE_MAP_PLUS_CODE_ID_REFERENCE,UNEXECUTED,UNEXECUTED,UNEXECUTED,UNEXECUTED,UNEXECUTED,UNRESOLVED_CANONICAL_FEATURE_ID_CATALOG,OPEN,NOT_GREEN,NOT_GREEN,Static evidence only; execute route/interaction tests before treating as reachable.
FOS-CATTLE-030,Movement,cattle,MAPPED,STATIC_SOURCE_MAP_PLUS_CODE_ID_REFERENCE,UNEXECUTED,UNEXECUTED,UNEXECUTED,UNEXECUTED,UNEXECUTED,UNRESOLVED_CANONICAL_FEATURE_ID_CATALOG,OPEN,NOT_GREEN,NOT_GREEN,Static evidence only; execute route/interaction tests before treating as reachable.
FOS-CATTLE-031,Official Movement Record,cattle,MAPPED,NO_ROUTE_EVIDENCE,UNEXECUTED,UNEXECUTED,UNEXECUTED,UNEXECUTED,UNEXECUTED,UNRESOLVED_CANONICAL_FEATURE_ID_CATALOG,OPEN,NOT_GREEN,NOT_GREEN,No source-derived route evidence at checkpoint; implementation/contract discovery required.
FOS-CATTLE-032,Pedigree,cattle,MAPPED,STATIC_SOURCE_MAP_PLUS_CODE_ID_REFERENCE,UNEXECUTED,UNEXECUTED,UNEXECUTED,UNEXECUTED,UNEXECUTED,UNRESOLVED_CANONICAL_FEATURE_ID_CATALOG,OPEN,NOT_GREEN,NOT_GREEN,Static evidence only; execute route/interaction tests before treating as reachable.
FOS-CATTLE-033,Health Summary,cattle,MAPPED,NO_ROUTE_EVIDENCE,UNEXECUTED,UNEXECUTED,UNEXECUTED,UNEXECUTED,UNEXECUTED,UNRESOLVED_CANONICAL_FEATURE_ID_CATALOG,OPEN,NOT_GREEN,NOT_GREEN,No source-derived route evidence at checkpoint; implementation/contract discovery required.
FOS-CATTLE-034,Status Change,cattle,MAPPED,STATIC_SOURCE_MAP_PLUS_CODE_ID_REFERENCE,UNEXECUTED,UNEXECUTED,UNEXECUTED,UNEXECUTED,UNEXECUTED,UNRESOLVED_CANONICAL_FEATURE_ID_CATALOG,OPEN,NOT_GREEN,NOT_GREEN,Static evidence only; execute route/interaction tests before treating as reachable.
FOS-CATTLE-035,Timeline,cattle,MAPPED,NO_ROUTE_EVIDENCE,UNEXECUTED,UNEXECUTED,UNEXECUTED,UNEXECUTED,UNEXECUTED,UNRESOLVED_CANONICAL_FEATURE_ID_CATALOG,OPEN,NOT_GREEN,NOT_GREEN,No source-derived route evidence at checkpoint; implementation/contract discovery required.
FOS-CATTLE-036,Cattle Report,cattle,MAPPED,NO_ROUTE_EVIDENCE,UNEXECUTED,UNEXECUTED,UNEXECUTED,UNEXECUTED,UNEXECUTED,UNRESOLVED_CANONICAL_FEATURE_ID_CATALOG,OPEN,NOT_GREEN,NOT_GREEN,No source-derived route evidence at checkpoint; implementation/contract discovery required.
FOS-POULTRY-001,Poultry Dashboard,poultry,MAPPED,STATIC_SOURCE_MAP_PLUS_CODE_ID_REFERENCE,UNEXECUTED,UNEXECUTED,UNEXECUTED,UNEXECUTED,UNEXECUTED,UNRESOLVED_CANONICAL_FEATURE_ID_CATALOG,OPEN,NOT_GREEN,NOT_GREEN,Static evidence only; execute route/interaction tests before treating as reachable.
FOS-POULTRY-002,Enabled Poultry Kinds,poultry,MAPPED,STATIC_SOURCE_MAP_PLUS_CODE_ID_REFERENCE,UNEXECUTED,UNEXECUTED,UNEXECUTED,UNEXECUTED,UNEXECUTED,UNRESOLVED_CANONICAL_FEATURE_ID_CATALOG,OPEN,NOT_GREEN,NOT_GREEN,Static evidence only; execute route/interaction tests before treating as reachable.
FOS-POULTRY-003,Enable Kind,poultry,MAPPED,NO_ROUTE_EVIDENCE,UNEXECUTED,UNEXECUTED,UNEXECUTED,UNEXECUTED,UNEXECUTED,UNRESOLVED_CANONICAL_FEATURE_ID_CATALOG,OPEN,NOT_GREEN,NOT_GREEN,No source-derived route evidence at checkpoint; implementation/contract discovery required.
FOS-POULTRY-004,Flock List,poultry,MAPPED,STATIC_SOURCE_MAP_PLUS_CODE_ID_REFERENCE,UNEXECUTED,UNEXECUTED,UNEXECUTED,UNEXECUTED,UNEXECUTED,UNRESOLVED_CANONICAL_FEATURE_ID_CATALOG,OPEN,NOT_GREEN,NOT_GREEN,Static evidence only; execute route/interaction tests before treating as reachable.
FOS-POULTRY-005,Flock Profile,poultry,MAPPED,NO_ROUTE_EVIDENCE,UNEXECUTED,UNEXECUTED,UNEXECUTED,UNEXECUTED,UNEXECUTED,UNRESOLVED_CANONICAL_FEATURE_ID_CATALOG,OPEN,NOT_GREEN,NOT_GREEN,No source-derived route evidence at checkpoint; implementation/contract discovery required.
FOS-POULTRY-006,House List,poultry,MAPPED,STATIC_SOURCE_MAP_PLUS_CODE_ID_REFERENCE,UNEXECUTED,UNEXECUTED,UNEXECUTED,UNEXECUTED,UNEXECUTED,UNRESOLVED_CANONICAL_FEATURE_ID_CATALOG,OPEN,NOT_GREEN,NOT_GREEN,Static evidence only; execute route/interaction tests before treating as reachable.
FOS-POULTRY-007,House Detail,poultry,MAPPED,NO_ROUTE_EVIDENCE,UNEXECUTED,UNEXECUTED,UNEXECUTED,UNEXECUTED,UNEXECUTED,UNRESOLVED_CANONICAL_FEATURE_ID_CATALOG,OPEN,NOT_GREEN,NOT_GREEN,No source-derived route evidence at checkpoint; implementation/contract discovery required.
FOS-POULTRY-008,Placement,poultry,MAPPED,STATIC_SOURCE_MAP_PLUS_CODE_ID_REFERENCE,UNEXECUTED,UNEXECUTED,UNEXECUTED,UNEXECUTED,UNEXECUTED,UNRESOLVED_CANONICAL_FEATURE_ID_CATALOG,OPEN,NOT_GREEN,NOT_GREEN,Static evidence only; execute route/interaction tests before treating as reachable.
FOS-POULTRY-009,Daily Mortality,poultry,MAPPED,STATIC_SOURCE_MAP_PLUS_CODE_ID_REFERENCE,UNEXECUTED,UNEXECUTED,UNEXECUTED,UNEXECUTED,UNEXECUTED,UNRESOLVED_CANONICAL_FEATURE_ID_CATALOG,OPEN,NOT_GREEN,NOT_GREEN,Static evidence only; execute route/interaction tests before treating as reachable.
FOS-POULTRY-010,Egg Production,poultry,MAPPED,NO_ROUTE_EVIDENCE,UNEXECUTED,UNEXECUTED,UNEXECUTED,UNEXECUTED,UNEXECUTED,UNRESOLVED_CANONICAL_FEATURE_ID_CATALOG,OPEN,NOT_GREEN,NOT_GREEN,No source-derived route evidence at checkpoint; implementation/contract discovery required.
FOS-POULTRY-011,Egg Collection,poultry,MAPPED,NO_ROUTE_EVIDENCE,UNEXECUTED,UNEXECUTED,UNEXECUTED,UNEXECUTED,UNEXECUTED,UNRESOLVED_CANONICAL_FEATURE_ID_CATALOG,OPEN,NOT_GREEN,NOT_GREEN,No source-derived route evidence at checkpoint; implementation/contract discovery required.
FOS-POULTRY-012,Feed or FCR,poultry,MAPPED,NO_ROUTE_EVIDENCE,UNEXECUTED,UNEXECUTED,UNEXECUTED,UNEXECUTED,UNEXECUTED,UNRESOLVED_CANONICAL_FEATURE_ID_CATALOG,OPEN,NOT_GREEN,NOT_GREEN,No source-derived route evidence at checkpoint; implementation/contract discovery required.
FOS-POULTRY-013,Vaccination Schedule,poultry,MAPPED,NO_ROUTE_EVIDENCE,UNEXECUTED,UNEXECUTED,UNEXECUTED,UNEXECUTED,UNEXECUTED,UNRESOLVED_CANONICAL_FEATURE_ID_CATALOG,OPEN,NOT_GREEN,NOT_GREEN,No source-derived route evidence at checkpoint; implementation/contract discovery required.
FOS-POULTRY-014,Vaccination Capture,poultry,MAPPED,STATIC_SOURCE_MAP_PLUS_CODE_ID_REFERENCE,UNEXECUTED,UNEXECUTED,UNEXECUTED,UNEXECUTED,UNEXECUTED,UNRESOLVED_CANONICAL_FEATURE_ID_CATALOG,OPEN,NOT_GREEN,NOT_GREEN,Static evidence only; execute route/interaction tests before treating as reachable.
FOS-POULTRY-015,Biosecurity Dashboard,poultry,MAPPED,NO_ROUTE_EVIDENCE,UNEXECUTED,UNEXECUTED,UNEXECUTED,UNEXECUTED,UNEXECUTED,UNRESOLVED_CANONICAL_FEATURE_ID_CATALOG,OPEN,NOT_GREEN,NOT_GREEN,No source-derived route evidence at checkpoint; implementation/contract discovery required.
FOS-POULTRY-016,Biosecurity Check,poultry,MAPPED,STATIC_SOURCE_MAP_PLUS_CODE_ID_REFERENCE,UNEXECUTED,UNEXECUTED,UNEXECUTED,UNEXECUTED,UNEXECUTED,UNRESOLVED_CANONICAL_FEATURE_ID_CATALOG,OPEN,NOT_GREEN,NOT_GREEN,Static evidence only; execute route/interaction tests before treating as reachable.
FOS-POULTRY-017,Hatchery Dashboard,poultry,MAPPED,STATIC_SOURCE_MAP_PLUS_CODE_ID_REFERENCE,UNEXECUTED,UNEXECUTED,UNEXECUTED,UNEXECUTED,UNEXECUTED,UNRESOLVED_CANONICAL_FEATURE_ID_CATALOG,OPEN,NOT_GREEN,NOT_GREEN,Static evidence only; execute route/interaction tests before treating as reachable.
FOS-POULTRY-018,Eggs Set,poultry,MAPPED,STATIC_SOURCE_MAP_PLUS_CODE_ID_REFERENCE,UNEXECUTED,UNEXECUTED,UNEXECUTED,UNEXECUTED,UNEXECUTED,UNRESOLVED_CANONICAL_FEATURE_ID_CATALOG,OPEN,NOT_GREEN,NOT_GREEN,Static evidence only; execute route/interaction tests before treating as reachable.
FOS-POULTRY-019,Incubation Batch,poultry,MAPPED,NO_ROUTE_EVIDENCE,UNEXECUTED,UNEXECUTED,UNEXECUTED,UNEXECUTED,UNEXECUTED,UNRESOLVED_CANONICAL_FEATURE_ID_CATALOG,OPEN,NOT_GREEN,NOT_GREEN,No source-derived route evidence at checkpoint; implementation/contract discovery required.
FOS-POULTRY-020,Candling,poultry,MAPPED,STATIC_SOURCE_MAP_PLUS_CODE_ID_REFERENCE,UNEXECUTED,UNEXECUTED,UNEXECUTED,UNEXECUTED,UNEXECUTED,UNRESOLVED_CANONICAL_FEATURE_ID_CATALOG,OPEN,NOT_GREEN,NOT_GREEN,Static evidence only; execute route/interaction tests before treating as reachable.
FOS-POULTRY-021,Hatch Result,poultry,MAPPED,STATIC_SOURCE_MAP_PLUS_CODE_ID_REFERENCE,UNEXECUTED,UNEXECUTED,UNEXECUTED,UNEXECUTED,UNEXECUTED,UNRESOLVED_CANONICAL_FEATURE_ID_CATALOG,OPEN,NOT_GREEN,NOT_GREEN,Static evidence only; execute route/interaction tests before treating as reachable.
FOS-POULTRY-022,Chick Placement,poultry,MAPPED,NO_ROUTE_EVIDENCE,UNEXECUTED,UNEXECUTED,UNEXECUTED,UNEXECUTED,UNEXECUTED,UNRESOLVED_CANONICAL_FEATURE_ID_CATALOG,OPEN,NOT_GREEN,NOT_GREEN,No source-derived route evidence at checkpoint; implementation/contract discovery required.
FOS-POULTRY-023,Flock Move,poultry,MAPPED,NO_ROUTE_EVIDENCE,UNEXECUTED,UNEXECUTED,UNEXECUTED,UNEXECUTED,UNEXECUTED,UNRESOLVED_CANONICAL_FEATURE_ID_CATALOG,OPEN,NOT_GREEN,NOT_GREEN,No source-derived route evidence at checkpoint; implementation/contract discovery required.
FOS-POULTRY-024,Flock Close-Out,poultry,MAPPED,NO_ROUTE_EVIDENCE,UNEXECUTED,UNEXECUTED,UNEXECUTED,UNEXECUTED,UNEXECUTED,UNRESOLVED_CANONICAL_FEATURE_ID_CATALOG,OPEN,NOT_GREEN,NOT_GREEN,No source-derived route evidence at checkpoint; implementation/contract discovery required.
FOS-POULTRY-025,Poultry Health,poultry,MAPPED,NO_ROUTE_EVIDENCE,UNEXECUTED,UNEXECUTED,UNEXECUTED,UNEXECUTED,UNEXECUTED,UNRESOLVED_CANONICAL_FEATURE_ID_CATALOG,OPEN,NOT_GREEN,NOT_GREEN,No source-derived route evidence at checkpoint; implementation/contract discovery required.
FOS-POULTRY-026,Flock Timeline,poultry,MAPPED,NO_ROUTE_EVIDENCE,UNEXECUTED,UNEXECUTED,UNEXECUTED,UNEXECUTED,UNEXECUTED,UNRESOLVED_CANONICAL_FEATURE_ID_CATALOG,OPEN,NOT_GREEN,NOT_GREEN,No source-derived route evidence at checkpoint; implementation/contract discovery required.
FOS-POULTRY-027,Poultry Report,poultry,MAPPED,NO_ROUTE_EVIDENCE,UNEXECUTED,UNEXECUTED,UNEXECUTED,UNEXECUTED,UNEXECUTED,UNRESOLVED_CANONICAL_FEATURE_ID_CATALOG,OPEN,NOT_GREEN,NOT_GREEN,No source-derived route evidence at checkpoint; implementation/contract discovery required.
FOS-HEALTH-001,Health Dashboard,health,MAPPED,STATIC_SOURCE_MAP_PLUS_CODE_ID_REFERENCE,UNEXECUTED,UNEXECUTED,UNEXECUTED,UNEXECUTED,UNEXECUTED,UNRESOLVED_CANONICAL_FEATURE_ID_CATALOG,OPEN,NOT_GREEN,NOT_GREEN,Static evidence only; execute route/interaction tests before treating as reachable.
FOS-HEALTH-002,Today Health Actions,health,MAPPED,NO_ROUTE_EVIDENCE,UNEXECUTED,UNEXECUTED,UNEXECUTED,UNEXECUTED,UNEXECUTED,UNRESOLVED_CANONICAL_FEATURE_ID_CATALOG,OPEN,NOT_GREEN,NOT_GREEN,No source-derived route evidence at checkpoint; implementation/contract discovery required.
FOS-HEALTH-003,Observation List,health,MAPPED,STATIC_SOURCE_MAP_PLUS_CODE_ID_REFERENCE,UNEXECUTED,UNEXECUTED,UNEXECUTED,UNEXECUTED,UNEXECUTED,UNRESOLVED_CANONICAL_FEATURE_ID_CATALOG,OPEN,NOT_GREEN,NOT_GREEN,Static evidence only; execute route/interaction tests before treating as reachable.
FOS-HEALTH-004,Record Observation,health,MAPPED,STATIC_SOURCE_MAP_PLUS_CODE_ID_REFERENCE,UNEXECUTED,UNEXECUTED,UNEXECUTED,UNEXECUTED,UNEXECUTED,UNRESOLVED_CANONICAL_FEATURE_ID_CATALOG,OPEN,NOT_GREEN,NOT_GREEN,Static evidence only; execute route/interaction tests before treating as reachable.
FOS-HEALTH-005,Health Case Detail,health,MAPPED,NO_ROUTE_EVIDENCE,UNEXECUTED,UNEXECUTED,UNEXECUTED,UNEXECUTED,UNEXECUTED,UNRESOLVED_CANONICAL_FEATURE_ID_CATALOG,OPEN,NOT_GREEN,NOT_GREEN,No source-derived route evidence at checkpoint; implementation/contract discovery required.
FOS-HEALTH-006,Treatment List,health,MAPPED,NO_ROUTE_EVIDENCE,UNEXECUTED,UNEXECUTED,UNEXECUTED,UNEXECUTED,UNEXECUTED,UNRESOLVED_CANONICAL_FEATURE_ID_CATALOG,OPEN,NOT_GREEN,NOT_GREEN,No source-derived route evidence at checkpoint; implementation/contract discovery required.
FOS-HEALTH-007,Record Treatment,health,MAPPED,STATIC_SOURCE_MAP_PLUS_CODE_ID_REFERENCE,UNEXECUTED,UNEXECUTED,UNEXECUTED,UNEXECUTED,UNEXECUTED,UNRESOLVED_CANONICAL_FEATURE_ID_CATALOG,OPEN,NOT_GREEN,NOT_GREEN,Static evidence only; execute route/interaction tests before treating as reachable.
FOS-HEALTH-008,Treatment Detail,health,MAPPED,NO_ROUTE_EVIDENCE,UNEXECUTED,UNEXECUTED,UNEXECUTED,UNEXECUTED,UNEXECUTED,UNRESOLVED_CANONICAL_FEATURE_ID_CATALOG,OPEN,NOT_GREEN,NOT_GREEN,No source-derived route evidence at checkpoint; implementation/contract discovery required.
FOS-HEALTH-009,Withdrawal Dashboard,health,MAPPED,STATIC_SOURCE_MAP_PLUS_CODE_ID_REFERENCE,UNEXECUTED,UNEXECUTED,UNEXECUTED,UNEXECUTED,UNEXECUTED,UNRESOLVED_CANONICAL_FEATURE_ID_CATALOG,OPEN,NOT_GREEN,NOT_GREEN,Static evidence only; execute route/interaction tests before treating as reachable.
FOS-HEALTH-010,Withdrawal Detail,health,MAPPED,NO_ROUTE_EVIDENCE,UNEXECUTED,UNEXECUTED,UNEXECUTED,UNEXECUTED,UNEXECUTED,UNRESOLVED_CANONICAL_FEATURE_ID_CATALOG,OPEN,NOT_GREEN,NOT_GREEN,No source-derived route evidence at checkpoint; implementation/contract discovery required.
FOS-HEALTH-011,Vaccination Schedule,health,MAPPED,NO_ROUTE_EVIDENCE,UNEXECUTED,UNEXECUTED,UNEXECUTED,UNEXECUTED,UNEXECUTED,UNRESOLVED_CANONICAL_FEATURE_ID_CATALOG,OPEN,NOT_GREEN,NOT_GREEN,No source-derived route evidence at checkpoint; implementation/contract discovery required.
FOS-HEALTH-012,Vaccination Capture,health,MAPPED,NO_ROUTE_EVIDENCE,UNEXECUTED,UNEXECUTED,UNEXECUTED,UNEXECUTED,UNEXECUTED,UNRESOLVED_CANONICAL_FEATURE_ID_CATALOG,OPEN,NOT_GREEN,NOT_GREEN,No source-derived route evidence at checkpoint; implementation/contract discovery required.
FOS-HEALTH-013,Formulary,health,MAPPED,STATIC_SOURCE_MAP_PLUS_CODE_ID_REFERENCE,UNEXECUTED,UNEXECUTED,UNEXECUTED,UNEXECUTED,UNEXECUTED,UNRESOLVED_CANONICAL_FEATURE_ID_CATALOG,OPEN,NOT_GREEN,NOT_GREEN,Static evidence only; execute route/interaction tests before treating as reachable.
FOS-HEALTH-014,Formulary Item,health,MAPPED,NO_ROUTE_EVIDENCE,UNEXECUTED,UNEXECUTED,UNEXECUTED,UNEXECUTED,UNEXECUTED,UNRESOLVED_CANONICAL_FEATURE_ID_CATALOG,OPEN,NOT_GREEN,NOT_GREEN,No source-derived route evidence at checkpoint; implementation/contract discovery required.
FOS-HEALTH-015,Protocol Packs,health,MAPPED,STATIC_SOURCE_MAP_PLUS_CODE_ID_REFERENCE,UNEXECUTED,UNEXECUTED,UNEXECUTED,UNEXECUTED,UNEXECUTED,UNRESOLVED_CANONICAL_FEATURE_ID_CATALOG,OPEN,NOT_GREEN,NOT_GREEN,Static evidence only; execute route/interaction tests before treating as reachable.
FOS-HEALTH-016,Protocol Pack Detail,health,MAPPED,NO_ROUTE_EVIDENCE,UNEXECUTED,UNEXECUTED,UNEXECUTED,UNEXECUTED,UNEXECUTED,UNRESOLVED_CANONICAL_FEATURE_ID_CATALOG,OPEN,NOT_GREEN,NOT_GREEN,No source-derived route evidence at checkpoint; implementation/contract discovery required.
FOS-HEALTH-017,Accept Protocol Pack,health,MAPPED,STATIC_SOURCE_MAP_PLUS_CODE_ID_REFERENCE,UNEXECUTED,UNEXECUTED,UNEXECUTED,UNEXECUTED,UNEXECUTED,UNRESOLVED_CANONICAL_FEATURE_ID_CATALOG,OPEN,NOT_GREEN,NOT_GREEN,Static evidence only; execute route/interaction tests before treating as reachable.
FOS-HEALTH-018,Apply Protocol Pack,health,MAPPED,STATIC_SOURCE_MAP_PLUS_CODE_ID_REFERENCE,UNEXECUTED,UNEXECUTED,UNEXECUTED,UNEXECUTED,UNEXECUTED,UNRESOLVED_CANONICAL_FEATURE_ID_CATALOG,OPEN,NOT_GREEN,NOT_GREEN,Static evidence only; execute route/interaction tests before treating as reachable.
FOS-HEALTH-019,Protocol Slot Editor,health,MAPPED,STATIC_SOURCE_MAP_PLUS_CODE_ID_REFERENCE,UNEXECUTED,UNEXECUTED,UNEXECUTED,UNEXECUTED,UNEXECUTED,UNRESOLVED_CANONICAL_FEATURE_ID_CATALOG,OPEN,NOT_GREEN,NOT_GREEN,Static evidence only; execute route/interaction tests before treating as reachable.
FOS-HEALTH-020,Vet Visit List,health,MAPPED,NO_ROUTE_EVIDENCE,UNEXECUTED,UNEXECUTED,UNEXECUTED,UNEXECUTED,UNEXECUTED,UNRESOLVED_CANONICAL_FEATURE_ID_CATALOG,OPEN,NOT_GREEN,NOT_GREEN,No source-derived route evidence at checkpoint; implementation/contract discovery required.
FOS-HEALTH-021,Record Vet Visit,health,MAPPED,STATIC_SOURCE_MAP_PLUS_CODE_ID_REFERENCE,UNEXECUTED,UNEXECUTED,UNEXECUTED,UNEXECUTED,UNEXECUTED,UNRESOLVED_CANONICAL_FEATURE_ID_CATALOG,OPEN,NOT_GREEN,NOT_GREEN,Static evidence only; execute route/interaction tests before treating as reachable.
FOS-HEALTH-022,Vet Visit Detail,health,MAPPED,NO_ROUTE_EVIDENCE,UNEXECUTED,UNEXECUTED,UNEXECUTED,UNEXECUTED,UNEXECUTED,UNRESOLVED_CANONICAL_FEATURE_ID_CATALOG,OPEN,NOT_GREEN,NOT_GREEN,No source-derived route evidence at checkpoint; implementation/contract discovery required.
FOS-HEALTH-023,Lab Results,health,MAPPED,NO_ROUTE_EVIDENCE,UNEXECUTED,UNEXECUTED,UNEXECUTED,UNEXECUTED,UNEXECUTED,UNRESOLVED_CANONICAL_FEATURE_ID_CATALOG,OPEN,NOT_GREEN,NOT_GREEN,No source-derived route evidence at checkpoint; implementation/contract discovery required.
FOS-HEALTH-024,Record Lab Result,health,MAPPED,STATIC_SOURCE_MAP_PLUS_CODE_ID_REFERENCE,UNEXECUTED,UNEXECUTED,UNEXECUTED,UNEXECUTED,UNEXECUTED,UNRESOLVED_CANONICAL_FEATURE_ID_CATALOG,OPEN,NOT_GREEN,NOT_GREEN,Static evidence only; execute route/interaction tests before treating as reachable.
FOS-HEALTH-025,Lab Result Detail,health,MAPPED,NO_ROUTE_EVIDENCE,UNEXECUTED,UNEXECUTED,UNEXECUTED,UNEXECUTED,UNEXECUTED,UNRESOLVED_CANONICAL_FEATURE_ID_CATALOG,OPEN,NOT_GREEN,NOT_GREEN,No source-derived route evidence at checkpoint; implementation/contract discovery required.
FOS-HEALTH-026,Disease or Reference Library,health,MAPPED,STATIC_SOURCE_MAP_PLUS_CODE_ID_REFERENCE,UNEXECUTED,UNEXECUTED,UNEXECUTED,UNEXECUTED,UNEXECUTED,UNRESOLVED_CANONICAL_FEATURE_ID_CATALOG,OPEN,NOT_GREEN,NOT_GREEN,Static evidence only; execute route/interaction tests before treating as reachable.
FOS-HEALTH-027,Reference Detail,health,MAPPED,NO_ROUTE_EVIDENCE,UNEXECUTED,UNEXECUTED,UNEXECUTED,UNEXECUTED,UNEXECUTED,UNRESOLVED_CANONICAL_FEATURE_ID_CATALOG,OPEN,NOT_GREEN,NOT_GREEN,No source-derived route evidence at checkpoint; implementation/contract discovery required.
FOS-HEALTH-028,Emergency or Red Flag,health,MAPPED,NO_ROUTE_EVIDENCE,UNEXECUTED,UNEXECUTED,UNEXECUTED,UNEXECUTED,UNEXECUTED,UNRESOLVED_CANONICAL_FEATURE_ID_CATALOG,OPEN,NOT_GREEN,NOT_GREEN,No source-derived route evidence at checkpoint; implementation/contract discovery required.
FOS-HEALTH-029,Health Timeline,health,MAPPED,NO_ROUTE_EVIDENCE,UNEXECUTED,UNEXECUTED,UNEXECUTED,UNEXECUTED,UNEXECUTED,UNRESOLVED_CANONICAL_FEATURE_ID_CATALOG,OPEN,NOT_GREEN,NOT_GREEN,No source-derived route evidence at checkpoint; implementation/contract discovery required.
FOS-HEALTH-030,Health Report,health,MAPPED,NO_ROUTE_EVIDENCE,UNEXECUTED,UNEXECUTED,UNEXECUTED,UNEXECUTED,UNEXECUTED,UNRESOLVED_CANONICAL_FEATURE_ID_CATALOG,OPEN,NOT_GREEN,NOT_GREEN,No source-derived route evidence at checkpoint; implementation/contract discovery required.
FOS-TASK-001,Today Board,task,MAPPED,STATIC_SOURCE_MAP_PLUS_CODE_ID_REFERENCE,UNEXECUTED,UNEXECUTED,UNEXECUTED,UNEXECUTED,UNEXECUTED,UNRESOLVED_CANONICAL_FEATURE_ID_CATALOG,OPEN,NOT_GREEN,NOT_GREEN,Static evidence only; execute route/interaction tests before treating as reachable.
FOS-TASK-002,All Tasks,task,MAPPED,NO_ROUTE_EVIDENCE,UNEXECUTED,UNEXECUTED,UNEXECUTED,UNEXECUTED,UNEXECUTED,UNRESOLVED_CANONICAL_FEATURE_ID_CATALOG,OPEN,NOT_GREEN,NOT_GREEN,No source-derived route evidence at checkpoint; implementation/contract discovery required.
FOS-TASK-003,Task Detail,task,MAPPED,STATIC_CODE_ID_REFERENCE_ONLY,UNEXECUTED,UNEXECUTED,UNEXECUTED,UNEXECUTED,UNEXECUTED,UNRESOLVED_CANONICAL_FEATURE_ID_CATALOG,OPEN,NOT_GREEN,NOT_GREEN,Static evidence only; execute route/interaction tests before treating as reachable.
FOS-TASK-004,Create Task,task,MAPPED,STATIC_SOURCE_MAP_HINT_ONLY,UNEXECUTED,UNEXECUTED,UNEXECUTED,UNEXECUTED,UNEXECUTED,UNRESOLVED_CANONICAL_FEATURE_ID_CATALOG,OPEN,NOT_GREEN,NOT_GREEN,Static evidence only; execute route/interaction tests before treating as reachable.
FOS-TASK-005,Edit Task,task,MAPPED,NO_ROUTE_EVIDENCE,UNEXECUTED,UNEXECUTED,UNEXECUTED,UNEXECUTED,UNEXECUTED,UNRESOLVED_CANONICAL_FEATURE_ID_CATALOG,OPEN,NOT_GREEN,NOT_GREEN,No source-derived route evidence at checkpoint; implementation/contract discovery required.
FOS-TASK-006,Assigned to Me,task,MAPPED,NO_ROUTE_EVIDENCE,UNEXECUTED,UNEXECUTED,UNEXECUTED,UNEXECUTED,UNEXECUTED,UNRESOLVED_CANONICAL_FEATURE_ID_CATALOG,OPEN,NOT_GREEN,NOT_GREEN,No source-derived route evidence at checkpoint; implementation/contract discovery required.
FOS-TASK-007,Scheduled,task,MAPPED,STATIC_SOURCE_MAP_HINT_ONLY,UNEXECUTED,UNEXECUTED,UNEXECUTED,UNEXECUTED,UNEXECUTED,UNRESOLVED_CANONICAL_FEATURE_ID_CATALOG,OPEN,NOT_GREEN,NOT_GREEN,Static evidence only; execute route/interaction tests before treating as reachable.
FOS-TASK-008,Overdue,task,MAPPED,STATIC_SOURCE_MAP_HINT_ONLY,UNEXECUTED,UNEXECUTED,UNEXECUTED,UNEXECUTED,UNEXECUTED,UNRESOLVED_CANONICAL_FEATURE_ID_CATALOG,OPEN,NOT_GREEN,NOT_GREEN,Static evidence only; execute route/interaction tests before treating as reachable.
FOS-TASK-009,Completed,task,MAPPED,STATIC_SOURCE_MAP_HINT_ONLY,UNEXECUTED,UNEXECUTED,UNEXECUTED,UNEXECUTED,UNEXECUTED,UNRESOLVED_CANONICAL_FEATURE_ID_CATALOG,OPEN,NOT_GREEN,NOT_GREEN,Static evidence only; execute route/interaction tests before treating as reachable.
FOS-TASK-010,Calendar,task,MAPPED,NO_ROUTE_EVIDENCE,UNEXECUTED,UNEXECUTED,UNEXECUTED,UNEXECUTED,UNEXECUTED,UNRESOLVED_CANONICAL_FEATURE_ID_CATALOG,OPEN,NOT_GREEN,NOT_GREEN,No source-derived route evidence at checkpoint; implementation/contract discovery required.
FOS-TASK-011,Recurrence,task,MAPPED,NO_ROUTE_EVIDENCE,UNEXECUTED,UNEXECUTED,UNEXECUTED,UNEXECUTED,UNEXECUTED,UNRESOLVED_CANONICAL_FEATURE_ID_CATALOG,OPEN,NOT_GREEN,NOT_GREEN,No source-derived route evidence at checkpoint; implementation/contract discovery required.
FOS-TASK-012,Task Attachment,task,MAPPED,NO_ROUTE_EVIDENCE,UNEXECUTED,UNEXECUTED,UNEXECUTED,UNEXECUTED,UNEXECUTED,UNRESOLVED_CANONICAL_FEATURE_ID_CATALOG,OPEN,NOT_GREEN,NOT_GREEN,No source-derived route evidence at checkpoint; implementation/contract discovery required.
FOS-TASK-013,Task Completion Evidence,task,MAPPED,NO_ROUTE_EVIDENCE,UNEXECUTED,UNEXECUTED,UNEXECUTED,UNEXECUTED,UNEXECUTED,UNRESOLVED_CANONICAL_FEATURE_ID_CATALOG,OPEN,NOT_GREEN,NOT_GREEN,No source-derived route evidence at checkpoint; implementation/contract discovery required.
FOS-TASK-014,Task Generated by Protocol,task,MAPPED,NO_ROUTE_EVIDENCE,UNEXECUTED,UNEXECUTED,UNEXECUTED,UNEXECUTED,UNEXECUTED,UNRESOLVED_CANONICAL_FEATURE_ID_CATALOG,OPEN,NOT_GREEN,NOT_GREEN,No source-derived route evidence at checkpoint; implementation/contract discovery required.
FOS-TASK-015,Task Generated by Lifecycle,task,MAPPED,NO_ROUTE_EVIDENCE,UNEXECUTED,UNEXECUTED,UNEXECUTED,UNEXECUTED,UNEXECUTED,UNRESOLVED_CANONICAL_FEATURE_ID_CATALOG,OPEN,NOT_GREEN,NOT_GREEN,No source-derived route evidence at checkpoint; implementation/contract discovery required.
FOS-INV-001,Inventory Dashboard,inv,MAPPED,STATIC_SOURCE_MAP_PLUS_CODE_ID_REFERENCE,UNEXECUTED,UNEXECUTED,UNEXECUTED,UNEXECUTED,UNEXECUTED,UNRESOLVED_CANONICAL_FEATURE_ID_CATALOG,OPEN,NOT_GREEN,NOT_GREEN,Static evidence only; execute route/interaction tests before treating as reachable.
FOS-INV-002,Inventory List,inv,MAPPED,STATIC_SOURCE_MAP_PLUS_CODE_ID_REFERENCE,UNEXECUTED,UNEXECUTED,UNEXECUTED,UNEXECUTED,UNEXECUTED,UNRESOLVED_CANONICAL_FEATURE_ID_CATALOG,OPEN,NOT_GREEN,NOT_GREEN,Static evidence only; execute route/interaction tests before treating as reachable.
FOS-INV-003,Inventory Item,inv,MAPPED,NO_ROUTE_EVIDENCE,UNEXECUTED,UNEXECUTED,UNEXECUTED,UNEXECUTED,UNEXECUTED,UNRESOLVED_CANONICAL_FEATURE_ID_CATALOG,OPEN,NOT_GREEN,NOT_GREEN,No source-derived route evidence at checkpoint; implementation/contract discovery required.
FOS-INV-004,Create Item,inv,MAPPED,STATIC_SOURCE_MAP_PLUS_CODE_ID_REFERENCE,UNEXECUTED,UNEXECUTED,UNEXECUTED,UNEXECUTED,UNEXECUTED,UNRESOLVED_CANONICAL_FEATURE_ID_CATALOG,OPEN,NOT_GREEN,NOT_GREEN,Static evidence only; execute route/interaction tests before treating as reachable.
FOS-INV-005,Receive Stock,inv,MAPPED,STATIC_SOURCE_MAP_PLUS_CODE_ID_REFERENCE,UNEXECUTED,UNEXECUTED,UNEXECUTED,UNEXECUTED,UNEXECUTED,UNRESOLVED_CANONICAL_FEATURE_ID_CATALOG,OPEN,NOT_GREEN,NOT_GREEN,Static evidence only; execute route/interaction tests before treating as reachable.
FOS-INV-006,Receive Lot,inv,MAPPED,STATIC_SOURCE_MAP_PLUS_CODE_ID_REFERENCE,UNEXECUTED,UNEXECUTED,UNEXECUTED,UNEXECUTED,UNEXECUTED,UNRESOLVED_CANONICAL_FEATURE_ID_CATALOG,OPEN,NOT_GREEN,NOT_GREEN,Static evidence only; execute route/interaction tests before treating as reachable.
FOS-INV-007,Issue Stock,inv,MAPPED,STATIC_SOURCE_MAP_PLUS_CODE_ID_REFERENCE,UNEXECUTED,UNEXECUTED,UNEXECUTED,UNEXECUTED,UNEXECUTED,UNRESOLVED_CANONICAL_FEATURE_ID_CATALOG,OPEN,NOT_GREEN,NOT_GREEN,Static evidence only; execute route/interaction tests before treating as reachable.
FOS-INV-008,FEFO Issue,inv,MAPPED,STATIC_SOURCE_MAP_PLUS_CODE_ID_REFERENCE,UNEXECUTED,UNEXECUTED,UNEXECUTED,UNEXECUTED,UNEXECUTED,UNRESOLVED_CANONICAL_FEATURE_ID_CATALOG,OPEN,NOT_GREEN,NOT_GREEN,Static evidence only; execute route/interaction tests before treating as reachable.
FOS-INV-009,Lot Detail,inv,MAPPED,NO_ROUTE_EVIDENCE,UNEXECUTED,UNEXECUTED,UNEXECUTED,UNEXECUTED,UNEXECUTED,UNRESOLVED_CANONICAL_FEATURE_ID_CATALOG,OPEN,NOT_GREEN,NOT_GREEN,No source-derived route evidence at checkpoint; implementation/contract discovery required.
FOS-INV-010,Expiry Queue,inv,MAPPED,NO_ROUTE_EVIDENCE,UNEXECUTED,UNEXECUTED,UNEXECUTED,UNEXECUTED,UNEXECUTED,UNRESOLVED_CANONICAL_FEATURE_ID_CATALOG,OPEN,NOT_GREEN,NOT_GREEN,No source-derived route evidence at checkpoint; implementation/contract discovery required.
FOS-INV-011,Low Stock,inv,MAPPED,NO_ROUTE_EVIDENCE,UNEXECUTED,UNEXECUTED,UNEXECUTED,UNEXECUTED,UNEXECUTED,UNRESOLVED_CANONICAL_FEATURE_ID_CATALOG,OPEN,NOT_GREEN,NOT_GREEN,No source-derived route evidence at checkpoint; implementation/contract discovery required.
FOS-INV-012,Reorder Rules,inv,MAPPED,STATIC_SOURCE_MAP_PLUS_CODE_ID_REFERENCE,UNEXECUTED,UNEXECUTED,UNEXECUTED,UNEXECUTED,UNEXECUTED,UNRESOLVED_CANONICAL_FEATURE_ID_CATALOG,OPEN,NOT_GREEN,NOT_GREEN,Static evidence only; execute route/interaction tests before treating as reachable.
FOS-INV-013,Reorder Alert,inv,MAPPED,STATIC_SOURCE_MAP_PLUS_CODE_ID_REFERENCE,UNEXECUTED,UNEXECUTED,UNEXECUTED,UNEXECUTED,UNEXECUTED,UNRESOLVED_CANONICAL_FEATURE_ID_CATALOG,OPEN,NOT_GREEN,NOT_GREEN,Static evidence only; execute route/interaction tests before treating as reachable.
FOS-INV-014,Stock Movement History,inv,MAPPED,NO_ROUTE_EVIDENCE,UNEXECUTED,UNEXECUTED,UNEXECUTED,UNEXECUTED,UNEXECUTED,UNRESOLVED_CANONICAL_FEATURE_ID_CATALOG,OPEN,NOT_GREEN,NOT_GREEN,No source-derived route evidence at checkpoint; implementation/contract discovery required.
FOS-INV-015,Stock Adjustment,inv,MAPPED,NO_ROUTE_EVIDENCE,UNEXECUTED,UNEXECUTED,UNEXECUTED,UNEXECUTED,UNEXECUTED,UNRESOLVED_CANONICAL_FEATURE_ID_CATALOG,OPEN,NOT_GREEN,NOT_GREEN,No source-derived route evidence at checkpoint; implementation/contract discovery required.
FOS-INV-016,Stock Count,inv,MAPPED,NO_ROUTE_EVIDENCE,UNEXECUTED,UNEXECUTED,UNEXECUTED,UNEXECUTED,UNEXECUTED,UNRESOLVED_CANONICAL_FEATURE_ID_CATALOG,OPEN,NOT_GREEN,NOT_GREEN,No source-derived route evidence at checkpoint; implementation/contract discovery required.
FOS-INV-017,Inventory Search,inv,MAPPED,NO_ROUTE_EVIDENCE,UNEXECUTED,UNEXECUTED,UNEXECUTED,UNEXECUTED,UNEXECUTED,UNRESOLVED_CANONICAL_FEATURE_ID_CATALOG,OPEN,NOT_GREEN,NOT_GREEN,No source-derived route evidence at checkpoint; implementation/contract discovery required.
FOS-INV-018,Supplier Binding,inv,MAPPED,NO_ROUTE_EVIDENCE,UNEXECUTED,UNEXECUTED,UNEXECUTED,UNEXECUTED,UNEXECUTED,UNRESOLVED_CANONICAL_FEATURE_ID_CATALOG,OPEN,NOT_GREEN,NOT_GREEN,No source-derived route evidence at checkpoint; implementation/contract discovery required.
FOS-INV-019,Inventory Report,inv,MAPPED,NO_ROUTE_EVIDENCE,UNEXECUTED,UNEXECUTED,UNEXECUTED,UNEXECUTED,UNEXECUTED,UNRESOLVED_CANONICAL_FEATURE_ID_CATALOG,OPEN,NOT_GREEN,NOT_GREEN,No source-derived route evidence at checkpoint; implementation/contract discovery required.
FOS-FEED-001,Feed Dashboard,feed,MAPPED,STATIC_CODE_ID_REFERENCE_ONLY,UNEXECUTED,UNEXECUTED,UNEXECUTED,UNEXECUTED,UNEXECUTED,UNRESOLVED_CANONICAL_FEATURE_ID_CATALOG,OPEN,NOT_GREEN,NOT_GREEN,Static evidence only; execute route/interaction tests before treating as reachable.
FOS-FEED-002,Feed Inventory,feed,MAPPED,NO_ROUTE_EVIDENCE,UNEXECUTED,UNEXECUTED,UNEXECUTED,UNEXECUTED,UNEXECUTED,UNRESOLVED_CANONICAL_FEATURE_ID_CATALOG,OPEN,NOT_GREEN,NOT_GREEN,No source-derived route evidence at checkpoint; implementation/contract discovery required.
FOS-FEED-003,Feed Item,feed,MAPPED,NO_ROUTE_EVIDENCE,UNEXECUTED,UNEXECUTED,UNEXECUTED,UNEXECUTED,UNEXECUTED,UNRESOLVED_CANONICAL_FEATURE_ID_CATALOG,OPEN,NOT_GREEN,NOT_GREEN,No source-derived route evidence at checkpoint; implementation/contract discovery required.
FOS-FEED-004,Feed Plan,feed,MAPPED,NO_ROUTE_EVIDENCE,UNEXECUTED,UNEXECUTED,UNEXECUTED,UNEXECUTED,UNEXECUTED,UNRESOLVED_CANONICAL_FEATURE_ID_CATALOG,OPEN,NOT_GREEN,NOT_GREEN,No source-derived route evidence at checkpoint; implementation/contract discovery required.
FOS-FEED-005,Feeding Schedule,feed,MAPPED,NO_ROUTE_EVIDENCE,UNEXECUTED,UNEXECUTED,UNEXECUTED,UNEXECUTED,UNEXECUTED,UNRESOLVED_CANONICAL_FEATURE_ID_CATALOG,OPEN,NOT_GREEN,NOT_GREEN,No source-derived route evidence at checkpoint; implementation/contract discovery required.
FOS-FEED-006,Feed Issue or Consumption,feed,MAPPED,NO_ROUTE_EVIDENCE,UNEXECUTED,UNEXECUTED,UNEXECUTED,UNEXECUTED,UNEXECUTED,UNRESOLVED_CANONICAL_FEATURE_ID_CATALOG,OPEN,NOT_GREEN,NOT_GREEN,No source-derived route evidence at checkpoint; implementation/contract discovery required.
FOS-FEED-007,Feed Cost,feed,MAPPED,NO_ROUTE_EVIDENCE,UNEXECUTED,UNEXECUTED,UNEXECUTED,UNEXECUTED,UNEXECUTED,UNRESOLVED_CANONICAL_FEATURE_ID_CATALOG,OPEN,NOT_GREEN,NOT_GREEN,No source-derived route evidence at checkpoint; implementation/contract discovery required.
FOS-FEED-008,Ration Builder,feed,MAPPED,NO_ROUTE_EVIDENCE,UNEXECUTED,UNEXECUTED,UNEXECUTED,UNEXECUTED,UNEXECUTED,UNRESOLVED_CANONICAL_FEATURE_ID_CATALOG,OPEN,NOT_GREEN,NOT_GREEN,No source-derived route evidence at checkpoint; implementation/contract discovery required.
FOS-FEED-009,Ration Analysis,feed,MAPPED,NO_ROUTE_EVIDENCE,UNEXECUTED,UNEXECUTED,UNEXECUTED,UNEXECUTED,UNEXECUTED,UNRESOLVED_CANONICAL_FEATURE_ID_CATALOG,OPEN,NOT_GREEN,NOT_GREEN,No source-derived route evidence at checkpoint; implementation/contract discovery required.
FOS-FEED-010,Ration Compare,feed,MAPPED,NO_ROUTE_EVIDENCE,UNEXECUTED,UNEXECUTED,UNEXECUTED,UNEXECUTED,UNEXECUTED,UNRESOLVED_CANONICAL_FEATURE_ID_CATALOG,OPEN,NOT_GREEN,NOT_GREEN,No source-derived route evidence at checkpoint; implementation/contract discovery required.
FOS-FEED-011,Feed Alert,feed,MAPPED,NO_ROUTE_EVIDENCE,UNEXECUTED,UNEXECUTED,UNEXECUTED,UNEXECUTED,UNEXECUTED,UNRESOLVED_CANONICAL_FEATURE_ID_CATALOG,OPEN,NOT_GREEN,NOT_GREEN,No source-derived route evidence at checkpoint; implementation/contract discovery required.
FOS-FEED-012,Feed Report,feed,MAPPED,NO_ROUTE_EVIDENCE,UNEXECUTED,UNEXECUTED,UNEXECUTED,UNEXECUTED,UNEXECUTED,UNRESOLVED_CANONICAL_FEATURE_ID_CATALOG,OPEN,NOT_GREEN,NOT_GREEN,No source-derived route evidence at checkpoint; implementation/contract discovery required.
FOS-WATER-001,Water Dashboard,water,MAPPED,STATIC_CODE_ID_REFERENCE_ONLY,UNEXECUTED,UNEXECUTED,UNEXECUTED,UNEXECUTED,UNEXECUTED,UNRESOLVED_CANONICAL_FEATURE_ID_CATALOG,OPEN,NOT_GREEN,NOT_GREEN,Static evidence only; execute route/interaction tests before treating as reachable.
FOS-WATER-002,Water Point List,water,MAPPED,NO_ROUTE_EVIDENCE,UNEXECUTED,UNEXECUTED,UNEXECUTED,UNEXECUTED,UNEXECUTED,UNRESOLVED_CANONICAL_FEATURE_ID_CATALOG,OPEN,NOT_GREEN,NOT_GREEN,No source-derived route evidence at checkpoint; implementation/contract discovery required.
FOS-WATER-003,Water Point Detail,water,MAPPED,NO_ROUTE_EVIDENCE,UNEXECUTED,UNEXECUTED,UNEXECUTED,UNEXECUTED,UNEXECUTED,UNRESOLVED_CANONICAL_FEATURE_ID_CATALOG,OPEN,NOT_GREEN,NOT_GREEN,No source-derived route evidence at checkpoint; implementation/contract discovery required.
FOS-WATER-004,Consumption Capture,water,MAPPED,NO_ROUTE_EVIDENCE,UNEXECUTED,UNEXECUTED,UNEXECUTED,UNEXECUTED,UNEXECUTED,UNRESOLVED_CANONICAL_FEATURE_ID_CATALOG,OPEN,NOT_GREEN,NOT_GREEN,No source-derived route evidence at checkpoint; implementation/contract discovery required.
FOS-WATER-005,Water Inspection,water,MAPPED,NO_ROUTE_EVIDENCE,UNEXECUTED,UNEXECUTED,UNEXECUTED,UNEXECUTED,UNEXECUTED,UNRESOLVED_CANONICAL_FEATURE_ID_CATALOG,OPEN,NOT_GREEN,NOT_GREEN,No source-derived route evidence at checkpoint; implementation/contract discovery required.
FOS-WATER-006,Water Quality Result,water,MAPPED,NO_ROUTE_EVIDENCE,UNEXECUTED,UNEXECUTED,UNEXECUTED,UNEXECUTED,UNEXECUTED,UNRESOLVED_CANONICAL_FEATURE_ID_CATALOG,OPEN,NOT_GREEN,NOT_GREEN,No source-derived route evidence at checkpoint; implementation/contract discovery required.
FOS-WATER-007,Water Issue,water,MAPPED,NO_ROUTE_EVIDENCE,UNEXECUTED,UNEXECUTED,UNEXECUTED,UNEXECUTED,UNEXECUTED,UNRESOLVED_CANONICAL_FEATURE_ID_CATALOG,OPEN,NOT_GREEN,NOT_GREEN,No source-derived route evidence at checkpoint; implementation/contract discovery required.
FOS-WATER-008,Water Maintenance,water,MAPPED,NO_ROUTE_EVIDENCE,UNEXECUTED,UNEXECUTED,UNEXECUTED,UNEXECUTED,UNEXECUTED,UNRESOLVED_CANONICAL_FEATURE_ID_CATALOG,OPEN,NOT_GREEN,NOT_GREEN,No source-derived route evidence at checkpoint; implementation/contract discovery required.
FOS-WATER-009,Water History,water,MAPPED,NO_ROUTE_EVIDENCE,UNEXECUTED,UNEXECUTED,UNEXECUTED,UNEXECUTED,UNEXECUTED,UNRESOLVED_CANONICAL_FEATURE_ID_CATALOG,OPEN,NOT_GREEN,NOT_GREEN,No source-derived route evidence at checkpoint; implementation/contract discovery required.
FOS-WATER-010,Water Report,water,MAPPED,NO_ROUTE_EVIDENCE,UNEXECUTED,UNEXECUTED,UNEXECUTED,UNEXECUTED,UNEXECUTED,UNRESOLVED_CANONICAL_FEATURE_ID_CATALOG,OPEN,NOT_GREEN,NOT_GREEN,No source-derived route evidence at checkpoint; implementation/contract discovery required.
FOS-PASTURE-001,Pasture Dashboard,pasture,MAPPED,STATIC_CODE_ID_REFERENCE_ONLY,UNEXECUTED,UNEXECUTED,UNEXECUTED,UNEXECUTED,UNEXECUTED,UNRESOLVED_CANONICAL_FEATURE_ID_CATALOG,OPEN,NOT_GREEN,NOT_GREEN,Static evidence only; execute route/interaction tests before treating as reachable.
FOS-PASTURE-002,Paddock List,pasture,MAPPED,NO_ROUTE_EVIDENCE,UNEXECUTED,UNEXECUTED,UNEXECUTED,UNEXECUTED,UNEXECUTED,UNRESOLVED_CANONICAL_FEATURE_ID_CATALOG,OPEN,NOT_GREEN,NOT_GREEN,No source-derived route evidence at checkpoint; implementation/contract discovery required.
FOS-PASTURE-003,Paddock Detail,pasture,MAPPED,NO_ROUTE_EVIDENCE,UNEXECUTED,UNEXECUTED,UNEXECUTED,UNEXECUTED,UNEXECUTED,UNRESOLVED_CANONICAL_FEATURE_ID_CATALOG,OPEN,NOT_GREEN,NOT_GREEN,No source-derived route evidence at checkpoint; implementation/contract discovery required.
FOS-PASTURE-004,Grazing Rotation,pasture,MAPPED,NO_ROUTE_EVIDENCE,UNEXECUTED,UNEXECUTED,UNEXECUTED,UNEXECUTED,UNEXECUTED,UNRESOLVED_CANONICAL_FEATURE_ID_CATALOG,OPEN,NOT_GREEN,NOT_GREEN,No source-derived route evidence at checkpoint; implementation/contract discovery required.
FOS-PASTURE-005,Group Movement,pasture,MAPPED,NO_ROUTE_EVIDENCE,UNEXECUTED,UNEXECUTED,UNEXECUTED,UNEXECUTED,UNEXECUTED,UNRESOLVED_CANONICAL_FEATURE_ID_CATALOG,OPEN,NOT_GREEN,NOT_GREEN,No source-derived route evidence at checkpoint; implementation/contract discovery required.
FOS-PASTURE-006,Rest Period,pasture,MAPPED,NO_ROUTE_EVIDENCE,UNEXECUTED,UNEXECUTED,UNEXECUTED,UNEXECUTED,UNEXECUTED,UNRESOLVED_CANONICAL_FEATURE_ID_CATALOG,OPEN,NOT_GREEN,NOT_GREEN,No source-derived route evidence at checkpoint; implementation/contract discovery required.
FOS-PASTURE-007,Carrying Capacity,pasture,MAPPED,NO_ROUTE_EVIDENCE,UNEXECUTED,UNEXECUTED,UNEXECUTED,UNEXECUTED,UNEXECUTED,UNRESOLVED_CANONICAL_FEATURE_ID_CATALOG,OPEN,NOT_GREEN,NOT_GREEN,No source-derived route evidence at checkpoint; implementation/contract discovery required.
FOS-PASTURE-008,Pasture Condition,pasture,MAPPED,NO_ROUTE_EVIDENCE,UNEXECUTED,UNEXECUTED,UNEXECUTED,UNEXECUTED,UNEXECUTED,UNRESOLVED_CANONICAL_FEATURE_ID_CATALOG,OPEN,NOT_GREEN,NOT_GREEN,No source-derived route evidence at checkpoint; implementation/contract discovery required.
FOS-PASTURE-009,Grazing History,pasture,MAPPED,NO_ROUTE_EVIDENCE,UNEXECUTED,UNEXECUTED,UNEXECUTED,UNEXECUTED,UNEXECUTED,UNRESOLVED_CANONICAL_FEATURE_ID_CATALOG,OPEN,NOT_GREEN,NOT_GREEN,No source-derived route evidence at checkpoint; implementation/contract discovery required.
FOS-PASTURE-010,Pasture Map,pasture,MAPPED,NO_ROUTE_EVIDENCE,UNEXECUTED,UNEXECUTED,UNEXECUTED,UNEXECUTED,UNEXECUTED,UNRESOLVED_CANONICAL_FEATURE_ID_CATALOG,OPEN,NOT_GREEN,NOT_GREEN,No source-derived route evidence at checkpoint; implementation/contract discovery required.
FOS-PASTURE-011,Pasture Report,pasture,MAPPED,NO_ROUTE_EVIDENCE,UNEXECUTED,UNEXECUTED,UNEXECUTED,UNEXECUTED,UNEXECUTED,UNRESOLVED_CANONICAL_FEATURE_ID_CATALOG,OPEN,NOT_GREEN,NOT_GREEN,No source-derived route evidence at checkpoint; implementation/contract discovery required.
FOS-GROUP-001,Groups,group,MAPPED,STATIC_CODE_ID_REFERENCE_ONLY,UNEXECUTED,UNEXECUTED,UNEXECUTED,UNEXECUTED,UNEXECUTED,UNRESOLVED_CANONICAL_FEATURE_ID_CATALOG,OPEN,NOT_GREEN,NOT_GREEN,Static evidence only; execute route/interaction tests before treating as reachable.
FOS-GROUP-002,Group Detail,group,MAPPED,NO_ROUTE_EVIDENCE,UNEXECUTED,UNEXECUTED,UNEXECUTED,UNEXECUTED,UNEXECUTED,UNRESOLVED_CANONICAL_FEATURE_ID_CATALOG,OPEN,NOT_GREEN,NOT_GREEN,No source-derived route evidence at checkpoint; implementation/contract discovery required.
FOS-GROUP-003,Create Group,group,MAPPED,NO_ROUTE_EVIDENCE,UNEXECUTED,UNEXECUTED,UNEXECUTED,UNEXECUTED,UNEXECUTED,UNRESOLVED_CANONICAL_FEATURE_ID_CATALOG,OPEN,NOT_GREEN,NOT_GREEN,No source-derived route evidence at checkpoint; implementation/contract discovery required.
FOS-GROUP-004,Edit Group,group,MAPPED,NO_ROUTE_EVIDENCE,UNEXECUTED,UNEXECUTED,UNEXECUTED,UNEXECUTED,UNEXECUTED,UNRESOLVED_CANONICAL_FEATURE_ID_CATALOG,OPEN,NOT_GREEN,NOT_GREEN,No source-derived route evidence at checkpoint; implementation/contract discovery required.
FOS-GROUP-005,Membership,group,MAPPED,NO_ROUTE_EVIDENCE,UNEXECUTED,UNEXECUTED,UNEXECUTED,UNEXECUTED,UNEXECUTED,UNRESOLVED_CANONICAL_FEATURE_ID_CATALOG,OPEN,NOT_GREEN,NOT_GREEN,No source-derived route evidence at checkpoint; implementation/contract discovery required.
FOS-GROUP-006,Group Census,group,MAPPED,NO_ROUTE_EVIDENCE,UNEXECUTED,UNEXECUTED,UNEXECUTED,UNEXECUTED,UNEXECUTED,UNRESOLVED_CANONICAL_FEATURE_ID_CATALOG,OPEN,NOT_GREEN,NOT_GREEN,No source-derived route evidence at checkpoint; implementation/contract discovery required.
FOS-GROUP-007,Group Move,group,MAPPED,NO_ROUTE_EVIDENCE,UNEXECUTED,UNEXECUTED,UNEXECUTED,UNEXECUTED,UNEXECUTED,UNRESOLVED_CANONICAL_FEATURE_ID_CATALOG,OPEN,NOT_GREEN,NOT_GREEN,No source-derived route evidence at checkpoint; implementation/contract discovery required.
FOS-GROUP-008,Group Health,group,MAPPED,NO_ROUTE_EVIDENCE,UNEXECUTED,UNEXECUTED,UNEXECUTED,UNEXECUTED,UNEXECUTED,UNRESOLVED_CANONICAL_FEATURE_ID_CATALOG,OPEN,NOT_GREEN,NOT_GREEN,No source-derived route evidence at checkpoint; implementation/contract discovery required.
FOS-GROUP-009,Group Timeline,group,MAPPED,NO_ROUTE_EVIDENCE,UNEXECUTED,UNEXECUTED,UNEXECUTED,UNEXECUTED,UNEXECUTED,UNRESOLVED_CANONICAL_FEATURE_ID_CATALOG,OPEN,NOT_GREEN,NOT_GREEN,No source-derived route evidence at checkpoint; implementation/contract discovery required.
FOS-LABOUR-001,Labour Dashboard,labour,MAPPED,STATIC_CODE_ID_REFERENCE_ONLY,UNEXECUTED,UNEXECUTED,UNEXECUTED,UNEXECUTED,UNEXECUTED,UNRESOLVED_CANONICAL_FEATURE_ID_CATALOG,OPEN,NOT_GREEN,NOT_GREEN,Static evidence only; execute route/interaction tests before treating as reachable.
FOS-LABOUR-002,Worker List,labour,MAPPED,NO_ROUTE_EVIDENCE,UNEXECUTED,UNEXECUTED,UNEXECUTED,UNEXECUTED,UNEXECUTED,UNRESOLVED_CANONICAL_FEATURE_ID_CATALOG,OPEN,NOT_GREEN,NOT_GREEN,No source-derived route evidence at checkpoint; implementation/contract discovery required.
FOS-LABOUR-003,Worker Detail,labour,MAPPED,NO_ROUTE_EVIDENCE,UNEXECUTED,UNEXECUTED,UNEXECUTED,UNEXECUTED,UNEXECUTED,UNRESOLVED_CANONICAL_FEATURE_ID_CATALOG,OPEN,NOT_GREEN,NOT_GREEN,No source-derived route evidence at checkpoint; implementation/contract discovery required.
FOS-LABOUR-004,Worker Assignment,labour,MAPPED,NO_ROUTE_EVIDENCE,UNEXECUTED,UNEXECUTED,UNEXECUTED,UNEXECUTED,UNEXECUTED,UNRESOLVED_CANONICAL_FEATURE_ID_CATALOG,OPEN,NOT_GREEN,NOT_GREEN,No source-derived route evidence at checkpoint; implementation/contract discovery required.
FOS-LABOUR-005,Work Log,labour,MAPPED,NO_ROUTE_EVIDENCE,UNEXECUTED,UNEXECUTED,UNEXECUTED,UNEXECUTED,UNEXECUTED,UNRESOLVED_CANONICAL_FEATURE_ID_CATALOG,OPEN,NOT_GREEN,NOT_GREEN,No source-derived route evidence at checkpoint; implementation/contract discovery required.
FOS-LABOUR-006,Attendance or Availability,labour,MAPPED,NO_ROUTE_EVIDENCE,UNEXECUTED,UNEXECUTED,UNEXECUTED,UNEXECUTED,UNEXECUTED,UNRESOLVED_CANONICAL_FEATURE_ID_CATALOG,OPEN,NOT_GREEN,NOT_GREEN,No source-derived route evidence at checkpoint; implementation/contract discovery required.
FOS-LABOUR-007,Labour Cost,labour,MAPPED,NO_ROUTE_EVIDENCE,UNEXECUTED,UNEXECUTED,UNEXECUTED,UNEXECUTED,UNEXECUTED,UNRESOLVED_CANONICAL_FEATURE_ID_CATALOG,OPEN,NOT_GREEN,NOT_GREEN,No source-derived route evidence at checkpoint; implementation/contract discovery required.
FOS-LABOUR-008,Coverage or Workload,labour,MAPPED,NO_ROUTE_EVIDENCE,UNEXECUTED,UNEXECUTED,UNEXECUTED,UNEXECUTED,UNEXECUTED,UNRESOLVED_CANONICAL_FEATURE_ID_CATALOG,OPEN,NOT_GREEN,NOT_GREEN,No source-derived route evidence at checkpoint; implementation/contract discovery required.
FOS-LABOUR-009,Labour Report,labour,MAPPED,NO_ROUTE_EVIDENCE,UNEXECUTED,UNEXECUTED,UNEXECUTED,UNEXECUTED,UNEXECUTED,UNRESOLVED_CANONICAL_FEATURE_ID_CATALOG,OPEN,NOT_GREEN,NOT_GREEN,No source-derived route evidence at checkpoint; implementation/contract discovery required.
FOS-ASSET-001,Assets Dashboard,asset,MAPPED,STATIC_CODE_ID_REFERENCE_ONLY,UNEXECUTED,UNEXECUTED,UNEXECUTED,UNEXECUTED,UNEXECUTED,UNRESOLVED_CANONICAL_FEATURE_ID_CATALOG,OPEN,NOT_GREEN,NOT_GREEN,Static evidence only; execute route/interaction tests before treating as reachable.
FOS-ASSET-002,Asset Register,asset,MAPPED,NO_ROUTE_EVIDENCE,UNEXECUTED,UNEXECUTED,UNEXECUTED,UNEXECUTED,UNEXECUTED,UNRESOLVED_CANONICAL_FEATURE_ID_CATALOG,OPEN,NOT_GREEN,NOT_GREEN,No source-derived route evidence at checkpoint; implementation/contract discovery required.
FOS-ASSET-003,Asset Detail,asset,MAPPED,NO_ROUTE_EVIDENCE,UNEXECUTED,UNEXECUTED,UNEXECUTED,UNEXECUTED,UNEXECUTED,UNRESOLVED_CANONICAL_FEATURE_ID_CATALOG,OPEN,NOT_GREEN,NOT_GREEN,No source-derived route evidence at checkpoint; implementation/contract discovery required.
FOS-ASSET-004,Create Asset,asset,MAPPED,NO_ROUTE_EVIDENCE,UNEXECUTED,UNEXECUTED,UNEXECUTED,UNEXECUTED,UNEXECUTED,UNRESOLVED_CANONICAL_FEATURE_ID_CATALOG,OPEN,NOT_GREEN,NOT_GREEN,No source-derived route evidence at checkpoint; implementation/contract discovery required.
FOS-ASSET-005,Meter or Usage Capture,asset,MAPPED,NO_ROUTE_EVIDENCE,UNEXECUTED,UNEXECUTED,UNEXECUTED,UNEXECUTED,UNEXECUTED,UNRESOLVED_CANONICAL_FEATURE_ID_CATALOG,OPEN,NOT_GREEN,NOT_GREEN,No source-derived route evidence at checkpoint; implementation/contract discovery required.
FOS-ASSET-006,Maintenance Schedule,asset,MAPPED,NO_ROUTE_EVIDENCE,UNEXECUTED,UNEXECUTED,UNEXECUTED,UNEXECUTED,UNEXECUTED,UNRESOLVED_CANONICAL_FEATURE_ID_CATALOG,OPEN,NOT_GREEN,NOT_GREEN,No source-derived route evidence at checkpoint; implementation/contract discovery required.
FOS-ASSET-007,Maintenance Job,asset,MAPPED,NO_ROUTE_EVIDENCE,UNEXECUTED,UNEXECUTED,UNEXECUTED,UNEXECUTED,UNEXECUTED,UNRESOLVED_CANONICAL_FEATURE_ID_CATALOG,OPEN,NOT_GREEN,NOT_GREEN,No source-derived route evidence at checkpoint; implementation/contract discovery required.
FOS-ASSET-008,Breakdown,asset,MAPPED,NO_ROUTE_EVIDENCE,UNEXECUTED,UNEXECUTED,UNEXECUTED,UNEXECUTED,UNEXECUTED,UNRESOLVED_CANONICAL_FEATURE_ID_CATALOG,OPEN,NOT_GREEN,NOT_GREEN,No source-derived route evidence at checkpoint; implementation/contract discovery required.
FOS-ASSET-009,Service History,asset,MAPPED,NO_ROUTE_EVIDENCE,UNEXECUTED,UNEXECUTED,UNEXECUTED,UNEXECUTED,UNEXECUTED,UNRESOLVED_CANONICAL_FEATURE_ID_CATALOG,OPEN,NOT_GREEN,NOT_GREEN,No source-derived route evidence at checkpoint; implementation/contract discovery required.
FOS-ASSET-010,Asset Documents,asset,MAPPED,NO_ROUTE_EVIDENCE,UNEXECUTED,UNEXECUTED,UNEXECUTED,UNEXECUTED,UNEXECUTED,UNRESOLVED_CANONICAL_FEATURE_ID_CATALOG,OPEN,NOT_GREEN,NOT_GREEN,No source-derived route evidence at checkpoint; implementation/contract discovery required.
FOS-ASSET-011,Asset Photo Gallery,asset,MAPPED,NO_ROUTE_EVIDENCE,UNEXECUTED,UNEXECUTED,UNEXECUTED,UNEXECUTED,UNEXECUTED,UNRESOLVED_CANONICAL_FEATURE_ID_CATALOG,OPEN,NOT_GREEN,NOT_GREEN,No source-derived route evidence at checkpoint; implementation/contract discovery required.
FOS-ASSET-012,Asset Report,asset,MAPPED,NO_ROUTE_EVIDENCE,UNEXECUTED,UNEXECUTED,UNEXECUTED,UNEXECUTED,UNEXECUTED,UNRESOLVED_CANONICAL_FEATURE_ID_CATALOG,OPEN,NOT_GREEN,NOT_GREEN,No source-derived route evidence at checkpoint; implementation/contract discovery required.
FOS-FIN-001,Finance Dashboard,fin,MAPPED,STATIC_SOURCE_MAP_PLUS_CODE_ID_REFERENCE,UNEXECUTED,UNEXECUTED,UNEXECUTED,UNEXECUTED,UNEXECUTED,UNRESOLVED_CANONICAL_FEATURE_ID_CATALOG,OPEN,NOT_GREEN,NOT_GREEN,Static evidence only; execute route/interaction tests before treating as reachable.
FOS-FIN-002,Transactions,fin,MAPPED,STATIC_SOURCE_MAP_PLUS_CODE_ID_REFERENCE,UNEXECUTED,UNEXECUTED,UNEXECUTED,UNEXECUTED,UNEXECUTED,UNRESOLVED_CANONICAL_FEATURE_ID_CATALOG,OPEN,NOT_GREEN,NOT_GREEN,Static evidence only; execute route/interaction tests before treating as reachable.
FOS-FIN-003,Transaction Detail,fin,MAPPED,NO_ROUTE_EVIDENCE,UNEXECUTED,UNEXECUTED,UNEXECUTED,UNEXECUTED,UNEXECUTED,UNRESOLVED_CANONICAL_FEATURE_ID_CATALOG,OPEN,NOT_GREEN,NOT_GREEN,No source-derived route evidence at checkpoint; implementation/contract discovery required.
FOS-FIN-004,Record Income,fin,MAPPED,STATIC_SOURCE_MAP_PLUS_CODE_ID_REFERENCE,UNEXECUTED,UNEXECUTED,UNEXECUTED,UNEXECUTED,UNEXECUTED,UNRESOLVED_CANONICAL_FEATURE_ID_CATALOG,OPEN,NOT_GREEN,NOT_GREEN,Static evidence only; execute route/interaction tests before treating as reachable.
FOS-FIN-005,Record Expense,fin,MAPPED,STATIC_SOURCE_MAP_PLUS_CODE_ID_REFERENCE,UNEXECUTED,UNEXECUTED,UNEXECUTED,UNEXECUTED,UNEXECUTED,UNRESOLVED_CANONICAL_FEATURE_ID_CATALOG,OPEN,NOT_GREEN,NOT_GREEN,Static evidence only; execute route/interaction tests before treating as reachable.
FOS-FIN-006,Enterprise Profitability,fin,MAPPED,NO_ROUTE_EVIDENCE,UNEXECUTED,UNEXECUTED,UNEXECUTED,UNEXECUTED,UNEXECUTED,UNRESOLVED_CANONICAL_FEATURE_ID_CATALOG,OPEN,NOT_GREEN,NOT_GREEN,No source-derived route evidence at checkpoint; implementation/contract discovery required.
FOS-FIN-007,Species Cost,fin,MAPPED,NO_ROUTE_EVIDENCE,UNEXECUTED,UNEXECUTED,UNEXECUTED,UNEXECUTED,UNEXECUTED,UNRESOLVED_CANONICAL_FEATURE_ID_CATALOG,OPEN,NOT_GREEN,NOT_GREEN,No source-derived route evidence at checkpoint; implementation/contract discovery required.
FOS-FIN-008,Activity Cost,fin,MAPPED,NO_ROUTE_EVIDENCE,UNEXECUTED,UNEXECUTED,UNEXECUTED,UNEXECUTED,UNEXECUTED,UNRESOLVED_CANONICAL_FEATURE_ID_CATALOG,OPEN,NOT_GREEN,NOT_GREEN,No source-derived route evidence at checkpoint; implementation/contract discovery required.
FOS-FIN-009,Cash Flow,fin,MAPPED,NO_ROUTE_EVIDENCE,UNEXECUTED,UNEXECUTED,UNEXECUTED,UNEXECUTED,UNEXECUTED,UNRESOLVED_CANONICAL_FEATURE_ID_CATALOG,OPEN,NOT_GREEN,NOT_GREEN,No source-derived route evidence at checkpoint; implementation/contract discovery required.
FOS-FIN-010,Budget,fin,MAPPED,NO_ROUTE_EVIDENCE,UNEXECUTED,UNEXECUTED,UNEXECUTED,UNEXECUTED,UNEXECUTED,UNRESOLVED_CANONICAL_FEATURE_ID_CATALOG,OPEN,NOT_GREEN,NOT_GREEN,No source-derived route evidence at checkpoint; implementation/contract discovery required.
FOS-FIN-011,Variance,fin,MAPPED,NO_ROUTE_EVIDENCE,UNEXECUTED,UNEXECUTED,UNEXECUTED,UNEXECUTED,UNEXECUTED,UNRESOLVED_CANONICAL_FEATURE_ID_CATALOG,OPEN,NOT_GREEN,NOT_GREEN,No source-derived route evidence at checkpoint; implementation/contract discovery required.
FOS-FIN-012,Finance Report,fin,MAPPED,NO_ROUTE_EVIDENCE,UNEXECUTED,UNEXECUTED,UNEXECUTED,UNEXECUTED,UNEXECUTED,UNRESOLVED_CANONICAL_FEATURE_ID_CATALOG,OPEN,NOT_GREEN,NOT_GREEN,No source-derived route evidence at checkpoint; implementation/contract discovery required.
FOS-FIN-013,Export,fin,MAPPED,NO_ROUTE_EVIDENCE,UNEXECUTED,UNEXECUTED,UNEXECUTED,UNEXECUTED,UNEXECUTED,UNRESOLVED_CANONICAL_FEATURE_ID_CATALOG,OPEN,NOT_GREEN,NOT_GREEN,No source-derived route evidence at checkpoint; implementation/contract discovery required.
FOS-SALES-001,Sales Dashboard,sales,MAPPED,STATIC_CODE_ID_REFERENCE_ONLY,UNEXECUTED,UNEXECUTED,UNEXECUTED,UNEXECUTED,UNEXECUTED,UNRESOLVED_CANONICAL_FEATURE_ID_CATALOG,OPEN,NOT_GREEN,NOT_GREEN,Static evidence only; execute route/interaction tests before treating as reachable.
FOS-SALES-002,Customer List,sales,MAPPED,NO_ROUTE_EVIDENCE,UNEXECUTED,UNEXECUTED,UNEXECUTED,UNEXECUTED,UNEXECUTED,UNRESOLVED_CANONICAL_FEATURE_ID_CATALOG,OPEN,NOT_GREEN,NOT_GREEN,No source-derived route evidence at checkpoint; implementation/contract discovery required.
FOS-SALES-003,Customer Detail,sales,MAPPED,NO_ROUTE_EVIDENCE,UNEXECUTED,UNEXECUTED,UNEXECUTED,UNEXECUTED,UNEXECUTED,UNRESOLVED_CANONICAL_FEATURE_ID_CATALOG,OPEN,NOT_GREEN,NOT_GREEN,No source-derived route evidence at checkpoint; implementation/contract discovery required.
FOS-SALES-004,Sales Orders,sales,MAPPED,NO_ROUTE_EVIDENCE,UNEXECUTED,UNEXECUTED,UNEXECUTED,UNEXECUTED,UNEXECUTED,UNRESOLVED_CANONICAL_FEATURE_ID_CATALOG,OPEN,NOT_GREEN,NOT_GREEN,No source-derived route evidence at checkpoint; implementation/contract discovery required.
FOS-SALES-005,Sale Detail,sales,MAPPED,NO_ROUTE_EVIDENCE,UNEXECUTED,UNEXECUTED,UNEXECUTED,UNEXECUTED,UNEXECUTED,UNRESOLVED_CANONICAL_FEATURE_ID_CATALOG,OPEN,NOT_GREEN,NOT_GREEN,No source-derived route evidence at checkpoint; implementation/contract discovery required.
FOS-SALES-006,Create Sale,sales,MAPPED,NO_ROUTE_EVIDENCE,UNEXECUTED,UNEXECUTED,UNEXECUTED,UNEXECUTED,UNEXECUTED,UNRESOLVED_CANONICAL_FEATURE_ID_CATALOG,OPEN,NOT_GREEN,NOT_GREEN,No source-derived route evidence at checkpoint; implementation/contract discovery required.
FOS-SALES-007,Animal Sale,sales,MAPPED,NO_ROUTE_EVIDENCE,UNEXECUTED,UNEXECUTED,UNEXECUTED,UNEXECUTED,UNEXECUTED,UNRESOLVED_CANONICAL_FEATURE_ID_CATALOG,OPEN,NOT_GREEN,NOT_GREEN,No source-derived route evidence at checkpoint; implementation/contract discovery required.
FOS-SALES-008,Produce Sale,sales,MAPPED,NO_ROUTE_EVIDENCE,UNEXECUTED,UNEXECUTED,UNEXECUTED,UNEXECUTED,UNEXECUTED,UNRESOLVED_CANONICAL_FEATURE_ID_CATALOG,OPEN,NOT_GREEN,NOT_GREEN,No source-derived route evidence at checkpoint; implementation/contract discovery required.
FOS-SALES-009,Rabbit Reservation Sale,sales,MAPPED,NO_ROUTE_EVIDENCE,UNEXECUTED,UNEXECUTED,UNEXECUTED,UNEXECUTED,UNEXECUTED,UNRESOLVED_CANONICAL_FEATURE_ID_CATALOG,OPEN,NOT_GREEN,NOT_GREEN,No source-derived route evidence at checkpoint; implementation/contract discovery required.
FOS-SALES-010,Delivery or Collection,sales,MAPPED,NO_ROUTE_EVIDENCE,UNEXECUTED,UNEXECUTED,UNEXECUTED,UNEXECUTED,UNEXECUTED,UNRESOLVED_CANONICAL_FEATURE_ID_CATALOG,OPEN,NOT_GREEN,NOT_GREEN,No source-derived route evidence at checkpoint; implementation/contract discovery required.
FOS-SALES-011,Sales History,sales,MAPPED,NO_ROUTE_EVIDENCE,UNEXECUTED,UNEXECUTED,UNEXECUTED,UNEXECUTED,UNEXECUTED,UNRESOLVED_CANONICAL_FEATURE_ID_CATALOG,OPEN,NOT_GREEN,NOT_GREEN,No source-derived route evidence at checkpoint; implementation/contract discovery required.
FOS-SALES-012,Sales Report,sales,MAPPED,NO_ROUTE_EVIDENCE,UNEXECUTED,UNEXECUTED,UNEXECUTED,UNEXECUTED,UNEXECUTED,UNRESOLVED_CANONICAL_FEATURE_ID_CATALOG,OPEN,NOT_GREEN,NOT_GREEN,No source-derived route evidence at checkpoint; implementation/contract discovery required.
FOS-PROC-001,Procurement Dashboard,proc,MAPPED,STATIC_CODE_ID_REFERENCE_ONLY,UNEXECUTED,UNEXECUTED,UNEXECUTED,UNEXECUTED,UNEXECUTED,UNRESOLVED_CANONICAL_FEATURE_ID_CATALOG,OPEN,NOT_GREEN,NOT_GREEN,Static evidence only; execute route/interaction tests before treating as reachable.
FOS-PROC-002,Supplier List,proc,MAPPED,NO_ROUTE_EVIDENCE,UNEXECUTED,UNEXECUTED,UNEXECUTED,UNEXECUTED,UNEXECUTED,UNRESOLVED_CANONICAL_FEATURE_ID_CATALOG,OPEN,NOT_GREEN,NOT_GREEN,No source-derived route evidence at checkpoint; implementation/contract discovery required.
FOS-PROC-003,Supplier Detail,proc,MAPPED,NO_ROUTE_EVIDENCE,UNEXECUTED,UNEXECUTED,UNEXECUTED,UNEXECUTED,UNEXECUTED,UNRESOLVED_CANONICAL_FEATURE_ID_CATALOG,OPEN,NOT_GREEN,NOT_GREEN,No source-derived route evidence at checkpoint; implementation/contract discovery required.
FOS-PROC-004,Purchase Orders,proc,MAPPED,NO_ROUTE_EVIDENCE,UNEXECUTED,UNEXECUTED,UNEXECUTED,UNEXECUTED,UNEXECUTED,UNRESOLVED_CANONICAL_FEATURE_ID_CATALOG,OPEN,NOT_GREEN,NOT_GREEN,No source-derived route evidence at checkpoint; implementation/contract discovery required.
FOS-PROC-005,Purchase Detail,proc,MAPPED,NO_ROUTE_EVIDENCE,UNEXECUTED,UNEXECUTED,UNEXECUTED,UNEXECUTED,UNEXECUTED,UNRESOLVED_CANONICAL_FEATURE_ID_CATALOG,OPEN,NOT_GREEN,NOT_GREEN,No source-derived route evidence at checkpoint; implementation/contract discovery required.
FOS-PROC-006,Create Purchase,proc,MAPPED,NO_ROUTE_EVIDENCE,UNEXECUTED,UNEXECUTED,UNEXECUTED,UNEXECUTED,UNEXECUTED,UNRESOLVED_CANONICAL_FEATURE_ID_CATALOG,OPEN,NOT_GREEN,NOT_GREEN,No source-derived route evidence at checkpoint; implementation/contract discovery required.
FOS-PROC-007,Receive Purchase,proc,MAPPED,NO_ROUTE_EVIDENCE,UNEXECUTED,UNEXECUTED,UNEXECUTED,UNEXECUTED,UNEXECUTED,UNRESOLVED_CANONICAL_FEATURE_ID_CATALOG,OPEN,NOT_GREEN,NOT_GREEN,No source-derived route evidence at checkpoint; implementation/contract discovery required.
FOS-PROC-008,Purchase to Inventory,proc,MAPPED,NO_ROUTE_EVIDENCE,UNEXECUTED,UNEXECUTED,UNEXECUTED,UNEXECUTED,UNEXECUTED,UNRESOLVED_CANONICAL_FEATURE_ID_CATALOG,OPEN,NOT_GREEN,NOT_GREEN,No source-derived route evidence at checkpoint; implementation/contract discovery required.
FOS-PROC-009,Procurement History,proc,MAPPED,NO_ROUTE_EVIDENCE,UNEXECUTED,UNEXECUTED,UNEXECUTED,UNEXECUTED,UNEXECUTED,UNRESOLVED_CANONICAL_FEATURE_ID_CATALOG,OPEN,NOT_GREEN,NOT_GREEN,No source-derived route evidence at checkpoint; implementation/contract discovery required.
FOS-PROC-010,Procurement Report,proc,MAPPED,NO_ROUTE_EVIDENCE,UNEXECUTED,UNEXECUTED,UNEXECUTED,UNEXECUTED,UNEXECUTED,UNRESOLVED_CANONICAL_FEATURE_ID_CATALOG,OPEN,NOT_GREEN,NOT_GREEN,No source-derived route evidence at checkpoint; implementation/contract discovery required.
FOS-CAP-001,Capacity Dashboard,cap,MAPPED,NO_ROUTE_EVIDENCE,UNEXECUTED,UNEXECUTED,UNEXECUTED,UNEXECUTED,UNEXECUTED,UNRESOLVED_CANONICAL_FEATURE_ID_CATALOG,OPEN,NOT_GREEN,NOT_GREEN,No source-derived route evidence at checkpoint; implementation/contract discovery required.
FOS-CAP-002,Housing Capacity,cap,MAPPED,NO_ROUTE_EVIDENCE,UNEXECUTED,UNEXECUTED,UNEXECUTED,UNEXECUTED,UNEXECUTED,UNRESOLVED_CANONICAL_FEATURE_ID_CATALOG,OPEN,NOT_GREEN,NOT_GREEN,No source-derived route evidence at checkpoint; implementation/contract discovery required.
FOS-CAP-003,Stocking Pressure,cap,MAPPED,NO_ROUTE_EVIDENCE,UNEXECUTED,UNEXECUTED,UNEXECUTED,UNEXECUTED,UNEXECUTED,UNRESOLVED_CANONICAL_FEATURE_ID_CATALOG,OPEN,NOT_GREEN,NOT_GREEN,No source-derived route evidence at checkpoint; implementation/contract discovery required.
FOS-CAP-004,Cage Capacity,cap,MAPPED,NO_ROUTE_EVIDENCE,UNEXECUTED,UNEXECUTED,UNEXECUTED,UNEXECUTED,UNEXECUTED,UNRESOLVED_CANONICAL_FEATURE_ID_CATALOG,OPEN,NOT_GREEN,NOT_GREEN,No source-derived route evidence at checkpoint; implementation/contract discovery required.
FOS-CAP-005,Poultry House Capacity,cap,MAPPED,NO_ROUTE_EVIDENCE,UNEXECUTED,UNEXECUTED,UNEXECUTED,UNEXECUTED,UNEXECUTED,UNRESOLVED_CANONICAL_FEATURE_ID_CATALOG,OPEN,NOT_GREEN,NOT_GREEN,No source-derived route evidence at checkpoint; implementation/contract discovery required.
FOS-CAP-006,Paddock Capacity,cap,MAPPED,NO_ROUTE_EVIDENCE,UNEXECUTED,UNEXECUTED,UNEXECUTED,UNEXECUTED,UNEXECUTED,UNRESOLVED_CANONICAL_FEATURE_ID_CATALOG,OPEN,NOT_GREEN,NOT_GREEN,No source-derived route evidence at checkpoint; implementation/contract discovery required.
FOS-CAP-007,Feed Capacity,cap,MAPPED,NO_ROUTE_EVIDENCE,UNEXECUTED,UNEXECUTED,UNEXECUTED,UNEXECUTED,UNEXECUTED,UNRESOLVED_CANONICAL_FEATURE_ID_CATALOG,OPEN,NOT_GREEN,NOT_GREEN,No source-derived route evidence at checkpoint; implementation/contract discovery required.
FOS-CAP-008,Water Capacity,cap,MAPPED,NO_ROUTE_EVIDENCE,UNEXECUTED,UNEXECUTED,UNEXECUTED,UNEXECUTED,UNEXECUTED,UNRESOLVED_CANONICAL_FEATURE_ID_CATALOG,OPEN,NOT_GREEN,NOT_GREEN,No source-derived route evidence at checkpoint; implementation/contract discovery required.
FOS-CAP-009,Capacity Forecast,cap,MAPPED,NO_ROUTE_EVIDENCE,UNEXECUTED,UNEXECUTED,UNEXECUTED,UNEXECUTED,UNEXECUTED,UNRESOLVED_CANONICAL_FEATURE_ID_CATALOG,OPEN,NOT_GREEN,NOT_GREEN,No source-derived route evidence at checkpoint; implementation/contract discovery required.
FOS-CAP-010,Capacity Alert,cap,MAPPED,NO_ROUTE_EVIDENCE,UNEXECUTED,UNEXECUTED,UNEXECUTED,UNEXECUTED,UNEXECUTED,UNRESOLVED_CANONICAL_FEATURE_ID_CATALOG,OPEN,NOT_GREEN,NOT_GREEN,No source-derived route evidence at checkpoint; implementation/contract discovery required.
FOS-GEN-001,Genetics Dashboard,gen,MAPPED,NO_ROUTE_EVIDENCE,UNEXECUTED,UNEXECUTED,UNEXECUTED,UNEXECUTED,UNEXECUTED,UNRESOLVED_CANONICAL_FEATURE_ID_CATALOG,OPEN,NOT_GREEN,NOT_GREEN,No source-derived route evidence at checkpoint; implementation/contract discovery required.
FOS-GEN-002,Pedigree Explorer,gen,MAPPED,NO_ROUTE_EVIDENCE,UNEXECUTED,UNEXECUTED,UNEXECUTED,UNEXECUTED,UNEXECUTED,UNRESOLVED_CANONICAL_FEATURE_ID_CATALOG,OPEN,NOT_GREEN,NOT_GREEN,No source-derived route evidence at checkpoint; implementation/contract discovery required.
FOS-GEN-003,Parentage Record,gen,MAPPED,NO_ROUTE_EVIDENCE,UNEXECUTED,UNEXECUTED,UNEXECUTED,UNEXECUTED,UNEXECUTED,UNRESOLVED_CANONICAL_FEATURE_ID_CATALOG,OPEN,NOT_GREEN,NOT_GREEN,No source-derived route evidence at checkpoint; implementation/contract discovery required.
FOS-GEN-004,Parentage Verification,gen,MAPPED,NO_ROUTE_EVIDENCE,UNEXECUTED,UNEXECUTED,UNEXECUTED,UNEXECUTED,UNEXECUTED,UNRESOLVED_CANONICAL_FEATURE_ID_CATALOG,OPEN,NOT_GREEN,NOT_GREEN,No source-derived route evidence at checkpoint; implementation/contract discovery required.
FOS-GEN-005,Relationship Explorer,gen,MAPPED,NO_ROUTE_EVIDENCE,UNEXECUTED,UNEXECUTED,UNEXECUTED,UNEXECUTED,UNEXECUTED,UNRESOLVED_CANONICAL_FEATURE_ID_CATALOG,OPEN,NOT_GREEN,NOT_GREEN,No source-derived route evidence at checkpoint; implementation/contract discovery required.
FOS-GEN-006,COI Analysis,gen,MAPPED,NO_ROUTE_EVIDENCE,UNEXECUTED,UNEXECUTED,UNEXECUTED,UNEXECUTED,UNEXECUTED,UNRESOLVED_CANONICAL_FEATURE_ID_CATALOG,OPEN,NOT_GREEN,NOT_GREEN,No source-derived route evidence at checkpoint; implementation/contract discovery required.
FOS-GEN-007,Mate Comparison,gen,MAPPED,NO_ROUTE_EVIDENCE,UNEXECUTED,UNEXECUTED,UNEXECUTED,UNEXECUTED,UNEXECUTED,UNRESOLVED_CANONICAL_FEATURE_ID_CATALOG,OPEN,NOT_GREEN,NOT_GREEN,No source-derived route evidence at checkpoint; implementation/contract discovery required.
FOS-GEN-008,Candidate Ranking,gen,MAPPED,NO_ROUTE_EVIDENCE,UNEXECUTED,UNEXECUTED,UNEXECUTED,UNEXECUTED,UNEXECUTED,UNRESOLVED_CANONICAL_FEATURE_ID_CATALOG,OPEN,NOT_GREEN,NOT_GREEN,No source-derived route evidence at checkpoint; implementation/contract discovery required.
FOS-GEN-009,Genetic Warning,gen,MAPPED,NO_ROUTE_EVIDENCE,UNEXECUTED,UNEXECUTED,UNEXECUTED,UNEXECUTED,UNEXECUTED,UNRESOLVED_CANONICAL_FEATURE_ID_CATALOG,OPEN,NOT_GREEN,NOT_GREEN,No source-derived route evidence at checkpoint; implementation/contract discovery required.
FOS-GEN-010,Genetics Report,gen,MAPPED,NO_ROUTE_EVIDENCE,UNEXECUTED,UNEXECUTED,UNEXECUTED,UNEXECUTED,UNEXECUTED,UNRESOLVED_CANONICAL_FEATURE_ID_CATALOG,OPEN,NOT_GREEN,NOT_GREEN,No source-derived route evidence at checkpoint; implementation/contract discovery required.
FOS-AN-001,Farm Analytics,an,MAPPED,NO_ROUTE_EVIDENCE,UNEXECUTED,UNEXECUTED,UNEXECUTED,UNEXECUTED,UNEXECUTED,UNRESOLVED_CANONICAL_FEATURE_ID_CATALOG,OPEN,NOT_GREEN,NOT_GREEN,No source-derived route evidence at checkpoint; implementation/contract discovery required.
FOS-AN-002,Species Performance,an,MAPPED,NO_ROUTE_EVIDENCE,UNEXECUTED,UNEXECUTED,UNEXECUTED,UNEXECUTED,UNEXECUTED,UNRESOLVED_CANONICAL_FEATURE_ID_CATALOG,OPEN,NOT_GREEN,NOT_GREEN,No source-derived route evidence at checkpoint; implementation/contract discovery required.
FOS-AN-003,Reproduction Analytics,an,MAPPED,NO_ROUTE_EVIDENCE,UNEXECUTED,UNEXECUTED,UNEXECUTED,UNEXECUTED,UNEXECUTED,UNRESOLVED_CANONICAL_FEATURE_ID_CATALOG,OPEN,NOT_GREEN,NOT_GREEN,No source-derived route evidence at checkpoint; implementation/contract discovery required.
FOS-AN-004,Growth Analytics,an,MAPPED,NO_ROUTE_EVIDENCE,UNEXECUTED,UNEXECUTED,UNEXECUTED,UNEXECUTED,UNEXECUTED,UNRESOLVED_CANONICAL_FEATURE_ID_CATALOG,OPEN,NOT_GREEN,NOT_GREEN,No source-derived route evidence at checkpoint; implementation/contract discovery required.
FOS-AN-005,Mortality Analytics,an,MAPPED,NO_ROUTE_EVIDENCE,UNEXECUTED,UNEXECUTED,UNEXECUTED,UNEXECUTED,UNEXECUTED,UNRESOLVED_CANONICAL_FEATURE_ID_CATALOG,OPEN,NOT_GREEN,NOT_GREEN,No source-derived route evidence at checkpoint; implementation/contract discovery required.
FOS-AN-006,Health Trends,an,MAPPED,NO_ROUTE_EVIDENCE,UNEXECUTED,UNEXECUTED,UNEXECUTED,UNEXECUTED,UNEXECUTED,UNRESOLVED_CANONICAL_FEATURE_ID_CATALOG,OPEN,NOT_GREEN,NOT_GREEN,No source-derived route evidence at checkpoint; implementation/contract discovery required.
FOS-AN-007,Production Analytics,an,MAPPED,NO_ROUTE_EVIDENCE,UNEXECUTED,UNEXECUTED,UNEXECUTED,UNEXECUTED,UNEXECUTED,UNRESOLVED_CANONICAL_FEATURE_ID_CATALOG,OPEN,NOT_GREEN,NOT_GREEN,No source-derived route evidence at checkpoint; implementation/contract discovery required.
FOS-AN-008,Feed Efficiency,an,MAPPED,NO_ROUTE_EVIDENCE,UNEXECUTED,UNEXECUTED,UNEXECUTED,UNEXECUTED,UNEXECUTED,UNRESOLVED_CANONICAL_FEATURE_ID_CATALOG,OPEN,NOT_GREEN,NOT_GREEN,No source-derived route evidence at checkpoint; implementation/contract discovery required.
FOS-AN-009,Financial Performance,an,MAPPED,NO_ROUTE_EVIDENCE,UNEXECUTED,UNEXECUTED,UNEXECUTED,UNEXECUTED,UNEXECUTED,UNRESOLVED_CANONICAL_FEATURE_ID_CATALOG,OPEN,NOT_GREEN,NOT_GREEN,No source-derived route evidence at checkpoint; implementation/contract discovery required.
FOS-AN-010,Benchmark or Compare,an,MAPPED,NO_ROUTE_EVIDENCE,UNEXECUTED,UNEXECUTED,UNEXECUTED,UNEXECUTED,UNEXECUTED,UNRESOLVED_CANONICAL_FEATURE_ID_CATALOG,OPEN,NOT_GREEN,NOT_GREEN,No source-derived route evidence at checkpoint; implementation/contract discovery required.
FOS-AN-011,Anomaly Centre,an,MAPPED,NO_ROUTE_EVIDENCE,UNEXECUTED,UNEXECUTED,UNEXECUTED,UNEXECUTED,UNEXECUTED,UNRESOLVED_CANONICAL_FEATURE_ID_CATALOG,OPEN,NOT_GREEN,NOT_GREEN,No source-derived route evidence at checkpoint; implementation/contract discovery required.
FOS-AN-012,Forecasts,an,MAPPED,NO_ROUTE_EVIDENCE,UNEXECUTED,UNEXECUTED,UNEXECUTED,UNEXECUTED,UNEXECUTED,UNRESOLVED_CANONICAL_FEATURE_ID_CATALOG,OPEN,NOT_GREEN,NOT_GREEN,No source-derived route evidence at checkpoint; implementation/contract discovery required.
FOS-AN-013,Insight Detail,an,MAPPED,NO_ROUTE_EVIDENCE,UNEXECUTED,UNEXECUTED,UNEXECUTED,UNEXECUTED,UNEXECUTED,UNRESOLVED_CANONICAL_FEATURE_ID_CATALOG,OPEN,NOT_GREEN,NOT_GREEN,No source-derived route evidence at checkpoint; implementation/contract discovery required.
FOS-AN-014,Evidence or Source Drilldown,an,MAPPED,NO_ROUTE_EVIDENCE,UNEXECUTED,UNEXECUTED,UNEXECUTED,UNEXECUTED,UNEXECUTED,UNRESOLVED_CANONICAL_FEATURE_ID_CATALOG,OPEN,NOT_GREEN,NOT_GREEN,No source-derived route evidence at checkpoint; implementation/contract discovery required.
FOS-SIM-001,Simulation Hub,sim,MAPPED,NO_ROUTE_EVIDENCE,UNEXECUTED,UNEXECUTED,UNEXECUTED,UNEXECUTED,UNEXECUTED,UNRESOLVED_CANONICAL_FEATURE_ID_CATALOG,OPEN,NOT_GREEN,NOT_GREEN,No source-derived route evidence at checkpoint; implementation/contract discovery required.
FOS-SIM-002,Herd Growth Scenario,sim,MAPPED,NO_ROUTE_EVIDENCE,UNEXECUTED,UNEXECUTED,UNEXECUTED,UNEXECUTED,UNEXECUTED,UNRESOLVED_CANONICAL_FEATURE_ID_CATALOG,OPEN,NOT_GREEN,NOT_GREEN,No source-derived route evidence at checkpoint; implementation/contract discovery required.
FOS-SIM-003,Breeding Scenario,sim,MAPPED,NO_ROUTE_EVIDENCE,UNEXECUTED,UNEXECUTED,UNEXECUTED,UNEXECUTED,UNEXECUTED,UNRESOLVED_CANONICAL_FEATURE_ID_CATALOG,OPEN,NOT_GREEN,NOT_GREEN,No source-derived route evidence at checkpoint; implementation/contract discovery required.
FOS-SIM-004,Feed Scenario,sim,MAPPED,NO_ROUTE_EVIDENCE,UNEXECUTED,UNEXECUTED,UNEXECUTED,UNEXECUTED,UNEXECUTED,UNRESOLVED_CANONICAL_FEATURE_ID_CATALOG,OPEN,NOT_GREEN,NOT_GREEN,No source-derived route evidence at checkpoint; implementation/contract discovery required.
FOS-SIM-005,Capacity Scenario,sim,MAPPED,NO_ROUTE_EVIDENCE,UNEXECUTED,UNEXECUTED,UNEXECUTED,UNEXECUTED,UNEXECUTED,UNRESOLVED_CANONICAL_FEATURE_ID_CATALOG,OPEN,NOT_GREEN,NOT_GREEN,No source-derived route evidence at checkpoint; implementation/contract discovery required.
FOS-SIM-006,Financial Scenario,sim,MAPPED,NO_ROUTE_EVIDENCE,UNEXECUTED,UNEXECUTED,UNEXECUTED,UNEXECUTED,UNEXECUTED,UNRESOLVED_CANONICAL_FEATURE_ID_CATALOG,OPEN,NOT_GREEN,NOT_GREEN,No source-derived route evidence at checkpoint; implementation/contract discovery required.
FOS-SIM-007,Scenario Compare,sim,MAPPED,NO_ROUTE_EVIDENCE,UNEXECUTED,UNEXECUTED,UNEXECUTED,UNEXECUTED,UNEXECUTED,UNRESOLVED_CANONICAL_FEATURE_ID_CATALOG,OPEN,NOT_GREEN,NOT_GREEN,No source-derived route evidence at checkpoint; implementation/contract discovery required.
FOS-SIM-008,Scenario Save,sim,MAPPED,NO_ROUTE_EVIDENCE,UNEXECUTED,UNEXECUTED,UNEXECUTED,UNEXECUTED,UNEXECUTED,UNRESOLVED_CANONICAL_FEATURE_ID_CATALOG,OPEN,NOT_GREEN,NOT_GREEN,No source-derived route evidence at checkpoint; implementation/contract discovery required.
FOS-SIM-009,Scenario Report,sim,MAPPED,NO_ROUTE_EVIDENCE,UNEXECUTED,UNEXECUTED,UNEXECUTED,UNEXECUTED,UNEXECUTED,UNRESOLVED_CANONICAL_FEATURE_ID_CATALOG,OPEN,NOT_GREEN,NOT_GREEN,No source-derived route evidence at checkpoint; implementation/contract discovery required.
FOS-SEARCH-001,Search Home,search,MAPPED,NO_ROUTE_EVIDENCE,UNEXECUTED,UNEXECUTED,UNEXECUTED,UNEXECUTED,UNEXECUTED,UNRESOLVED_CANONICAL_FEATURE_ID_CATALOG,OPEN,NOT_GREEN,NOT_GREEN,No source-derived route evidence at checkpoint; implementation/contract discovery required.
FOS-SEARCH-002,Search Results,search,MAPPED,NO_ROUTE_EVIDENCE,UNEXECUTED,UNEXECUTED,UNEXECUTED,UNEXECUTED,UNEXECUTED,UNRESOLVED_CANONICAL_FEATURE_ID_CATALOG,OPEN,NOT_GREEN,NOT_GREEN,No source-derived route evidence at checkpoint; implementation/contract discovery required.
FOS-SEARCH-003,Filter Sheet,search,MAPPED,NO_ROUTE_EVIDENCE,UNEXECUTED,UNEXECUTED,UNEXECUTED,UNEXECUTED,UNEXECUTED,UNRESOLVED_CANONICAL_FEATURE_ID_CATALOG,OPEN,NOT_GREEN,NOT_GREEN,No source-derived route evidence at checkpoint; implementation/contract discovery required.
FOS-SEARCH-004,No Results,search,MAPPED,NO_ROUTE_EVIDENCE,UNEXECUTED,UNEXECUTED,UNEXECUTED,UNEXECUTED,UNEXECUTED,UNRESOLVED_CANONICAL_FEATURE_ID_CATALOG,OPEN,NOT_GREEN,NOT_GREEN,No source-derived route evidence at checkpoint; implementation/contract discovery required.
FOS-SEARCH-005,Offline Local Search,search,MAPPED,NO_ROUTE_EVIDENCE,UNEXECUTED,UNEXECUTED,UNEXECUTED,UNEXECUTED,UNEXECUTED,UNRESOLVED_CANONICAL_FEATURE_ID_CATALOG,OPEN,NOT_GREEN,NOT_GREEN,No source-derived route evidence at checkpoint; implementation/contract discovery required.
FOS-SEARCH-006,Server Search Unavailable,search,MAPPED,NO_ROUTE_EVIDENCE,UNEXECUTED,UNEXECUTED,UNEXECUTED,UNEXECUTED,UNEXECUTED,UNRESOLVED_CANONICAL_FEATURE_ID_CATALOG,OPEN,NOT_GREEN,NOT_GREEN,No source-derived route evidence at checkpoint; implementation/contract discovery required.
FOS-SEARCH-007,RFID Result,search,MAPPED,NO_ROUTE_EVIDENCE,UNEXECUTED,UNEXECUTED,UNEXECUTED,UNEXECUTED,UNEXECUTED,UNRESOLVED_CANONICAL_FEATURE_ID_CATALOG,OPEN,NOT_GREEN,NOT_GREEN,No source-derived route evidence at checkpoint; implementation/contract discovery required.
FOS-SEARCH-008,QR or Barcode Result,search,MAPPED,NO_ROUTE_EVIDENCE,UNEXECUTED,UNEXECUTED,UNEXECUTED,UNEXECUTED,UNEXECUTED,UNRESOLVED_CANONICAL_FEATURE_ID_CATALOG,OPEN,NOT_GREEN,NOT_GREEN,No source-derived route evidence at checkpoint; implementation/contract discovery required.
FOS-SEARCH-009,Recent Searches,search,MAPPED,NO_ROUTE_EVIDENCE,UNEXECUTED,UNEXECUTED,UNEXECUTED,UNEXECUTED,UNEXECUTED,UNRESOLVED_CANONICAL_FEATURE_ID_CATALOG,OPEN,NOT_GREEN,NOT_GREEN,No source-derived route evidence at checkpoint; implementation/contract discovery required.
FOS-AI-001,Copilot Home,ai,MAPPED,NO_ROUTE_EVIDENCE,UNEXECUTED,UNEXECUTED,UNEXECUTED,UNEXECUTED,UNEXECUTED,UNRESOLVED_CANONICAL_FEATURE_ID_CATALOG,OPEN,NOT_GREEN,NOT_GREEN,No source-derived route evidence at checkpoint; implementation/contract discovery required.
FOS-AI-002,Ask Farm OS,ai,MAPPED,NO_ROUTE_EVIDENCE,UNEXECUTED,UNEXECUTED,UNEXECUTED,UNEXECUTED,UNEXECUTED,UNRESOLVED_CANONICAL_FEATURE_ID_CATALOG,OPEN,NOT_GREEN,NOT_GREEN,No source-derived route evidence at checkpoint; implementation/contract discovery required.
FOS-AI-003,Conversation,ai,MAPPED,NO_ROUTE_EVIDENCE,UNEXECUTED,UNEXECUTED,UNEXECUTED,UNEXECUTED,UNEXECUTED,UNRESOLVED_CANONICAL_FEATURE_ID_CATALOG,OPEN,NOT_GREEN,NOT_GREEN,No source-derived route evidence at checkpoint; implementation/contract discovery required.
FOS-AI-004,Insight Detail,ai,MAPPED,NO_ROUTE_EVIDENCE,UNEXECUTED,UNEXECUTED,UNEXECUTED,UNEXECUTED,UNEXECUTED,UNRESOLVED_CANONICAL_FEATURE_ID_CATALOG,OPEN,NOT_GREEN,NOT_GREEN,No source-derived route evidence at checkpoint; implementation/contract discovery required.
FOS-AI-005,Evidence or Sources,ai,MAPPED,NO_ROUTE_EVIDENCE,UNEXECUTED,UNEXECUTED,UNEXECUTED,UNEXECUTED,UNEXECUTED,UNRESOLVED_CANONICAL_FEATURE_ID_CATALOG,OPEN,NOT_GREEN,NOT_GREEN,No source-derived route evidence at checkpoint; implementation/contract discovery required.
FOS-AI-006,Suggested Actions,ai,MAPPED,NO_ROUTE_EVIDENCE,UNEXECUTED,UNEXECUTED,UNEXECUTED,UNEXECUTED,UNEXECUTED,UNRESOLVED_CANONICAL_FEATURE_ID_CATALOG,OPEN,NOT_GREEN,NOT_GREEN,No source-derived route evidence at checkpoint; implementation/contract discovery required.
FOS-AI-007,Action Review,ai,MAPPED,NO_ROUTE_EVIDENCE,UNEXECUTED,UNEXECUTED,UNEXECUTED,UNEXECUTED,UNEXECUTED,UNRESOLVED_CANONICAL_FEATURE_ID_CATALOG,OPEN,NOT_GREEN,NOT_GREEN,No source-derived route evidence at checkpoint; implementation/contract discovery required.
FOS-AI-008,Anomaly Review,ai,MAPPED,NO_ROUTE_EVIDENCE,UNEXECUTED,UNEXECUTED,UNEXECUTED,UNEXECUTED,UNEXECUTED,UNRESOLVED_CANONICAL_FEATURE_ID_CATALOG,OPEN,NOT_GREEN,NOT_GREEN,No source-derived route evidence at checkpoint; implementation/contract discovery required.
FOS-AI-009,Model Provider Settings,ai,MAPPED,NO_ROUTE_EVIDENCE,UNEXECUTED,UNEXECUTED,UNEXECUTED,UNEXECUTED,UNEXECUTED,UNRESOLVED_CANONICAL_FEATURE_ID_CATALOG,OPEN,NOT_GREEN,NOT_GREEN,No source-derived route evidence at checkpoint; implementation/contract discovery required.
FOS-AI-010,API Key or Provider Connection,ai,MAPPED,NO_ROUTE_EVIDENCE,UNEXECUTED,UNEXECUTED,UNEXECUTED,UNEXECUTED,UNEXECUTED,UNRESOLVED_CANONICAL_FEATURE_ID_CATALOG,OPEN,NOT_GREEN,NOT_GREEN,No source-derived route evidence at checkpoint; implementation/contract discovery required.
FOS-AI-011,AI Privacy and Controls,ai,MAPPED,NO_ROUTE_EVIDENCE,UNEXECUTED,UNEXECUTED,UNEXECUTED,UNEXECUTED,UNEXECUTED,UNRESOLVED_CANONICAL_FEATURE_ID_CATALOG,OPEN,NOT_GREEN,NOT_GREEN,No source-derived route evidence at checkpoint; implementation/contract discovery required.
FOS-AI-012,AI Unavailable,ai,MAPPED,NO_ROUTE_EVIDENCE,UNEXECUTED,UNEXECUTED,UNEXECUTED,UNEXECUTED,UNEXECUTED,UNRESOLVED_CANONICAL_FEATURE_ID_CATALOG,OPEN,NOT_GREEN,NOT_GREEN,No source-derived route evidence at checkpoint; implementation/contract discovery required.
FOS-REPORT-001,Reports Hub,report,MAPPED,NO_ROUTE_EVIDENCE,UNEXECUTED,UNEXECUTED,UNEXECUTED,UNEXECUTED,UNEXECUTED,UNRESOLVED_CANONICAL_FEATURE_ID_CATALOG,OPEN,NOT_GREEN,NOT_GREEN,No source-derived route evidence at checkpoint; implementation/contract discovery required.
FOS-REPORT-002,Animal Report,report,MAPPED,NO_ROUTE_EVIDENCE,UNEXECUTED,UNEXECUTED,UNEXECUTED,UNEXECUTED,UNEXECUTED,UNRESOLVED_CANONICAL_FEATURE_ID_CATALOG,OPEN,NOT_GREEN,NOT_GREEN,No source-derived route evidence at checkpoint; implementation/contract discovery required.
FOS-REPORT-003,Herd or Flock Report,report,MAPPED,NO_ROUTE_EVIDENCE,UNEXECUTED,UNEXECUTED,UNEXECUTED,UNEXECUTED,UNEXECUTED,UNRESOLVED_CANONICAL_FEATURE_ID_CATALOG,OPEN,NOT_GREEN,NOT_GREEN,No source-derived route evidence at checkpoint; implementation/contract discovery required.
FOS-REPORT-004,Health Report,report,MAPPED,NO_ROUTE_EVIDENCE,UNEXECUTED,UNEXECUTED,UNEXECUTED,UNEXECUTED,UNEXECUTED,UNRESOLVED_CANONICAL_FEATURE_ID_CATALOG,OPEN,NOT_GREEN,NOT_GREEN,No source-derived route evidence at checkpoint; implementation/contract discovery required.
FOS-REPORT-005,Production Report,report,MAPPED,NO_ROUTE_EVIDENCE,UNEXECUTED,UNEXECUTED,UNEXECUTED,UNEXECUTED,UNEXECUTED,UNRESOLVED_CANONICAL_FEATURE_ID_CATALOG,OPEN,NOT_GREEN,NOT_GREEN,No source-derived route evidence at checkpoint; implementation/contract discovery required.
FOS-REPORT-006,Finance Report,report,MAPPED,NO_ROUTE_EVIDENCE,UNEXECUTED,UNEXECUTED,UNEXECUTED,UNEXECUTED,UNEXECUTED,UNRESOLVED_CANONICAL_FEATURE_ID_CATALOG,OPEN,NOT_GREEN,NOT_GREEN,No source-derived route evidence at checkpoint; implementation/contract discovery required.
FOS-REPORT-007,Inventory Report,report,MAPPED,NO_ROUTE_EVIDENCE,UNEXECUTED,UNEXECUTED,UNEXECUTED,UNEXECUTED,UNEXECUTED,UNRESOLVED_CANONICAL_FEATURE_ID_CATALOG,OPEN,NOT_GREEN,NOT_GREEN,No source-derived route evidence at checkpoint; implementation/contract discovery required.
FOS-REPORT-008,Breeding Report,report,MAPPED,NO_ROUTE_EVIDENCE,UNEXECUTED,UNEXECUTED,UNEXECUTED,UNEXECUTED,UNEXECUTED,UNRESOLVED_CANONICAL_FEATURE_ID_CATALOG,OPEN,NOT_GREEN,NOT_GREEN,No source-derived route evidence at checkpoint; implementation/contract discovery required.
FOS-REPORT-009,Genetics Report,report,MAPPED,NO_ROUTE_EVIDENCE,UNEXECUTED,UNEXECUTED,UNEXECUTED,UNEXECUTED,UNEXECUTED,UNRESOLVED_CANONICAL_FEATURE_ID_CATALOG,OPEN,NOT_GREEN,NOT_GREEN,No source-derived route evidence at checkpoint; implementation/contract discovery required.
FOS-REPORT-010,Operations Report,report,MAPPED,NO_ROUTE_EVIDENCE,UNEXECUTED,UNEXECUTED,UNEXECUTED,UNEXECUTED,UNEXECUTED,UNRESOLVED_CANONICAL_FEATURE_ID_CATALOG,OPEN,NOT_GREEN,NOT_GREEN,No source-derived route evidence at checkpoint; implementation/contract discovery required.
FOS-REPORT-011,Export Sheet,report,MAPPED,NO_ROUTE_EVIDENCE,UNEXECUTED,UNEXECUTED,UNEXECUTED,UNEXECUTED,UNEXECUTED,UNRESOLVED_CANONICAL_FEATURE_ID_CATALOG,OPEN,NOT_GREEN,NOT_GREEN,No source-derived route evidence at checkpoint; implementation/contract discovery required.
FOS-REPORT-012,Generated Documents,report,MAPPED,NO_ROUTE_EVIDENCE,UNEXECUTED,UNEXECUTED,UNEXECUTED,UNEXECUTED,UNEXECUTED,UNRESOLVED_CANONICAL_FEATURE_ID_CATALOG,OPEN,NOT_GREEN,NOT_GREEN,No source-derived route evidence at checkpoint; implementation/contract discovery required.
FOS-REPORT-013,Document Viewer,report,MAPPED,NO_ROUTE_EVIDENCE,UNEXECUTED,UNEXECUTED,UNEXECUTED,UNEXECUTED,UNEXECUTED,UNRESOLVED_CANONICAL_FEATURE_ID_CATALOG,OPEN,NOT_GREEN,NOT_GREEN,No source-derived route evidence at checkpoint; implementation/contract discovery required.
FOS-REPORT-014,Share or Print,report,MAPPED,NO_ROUTE_EVIDENCE,UNEXECUTED,UNEXECUTED,UNEXECUTED,UNEXECUTED,UNEXECUTED,UNRESOLVED_CANONICAL_FEATURE_ID_CATALOG,OPEN,NOT_GREEN,NOT_GREEN,No source-derived route evidence at checkpoint; implementation/contract discovery required.
FOS-REPORT-015,Certificate Viewer,report,MAPPED,NO_ROUTE_EVIDENCE,UNEXECUTED,UNEXECUTED,UNEXECUTED,UNEXECUTED,UNEXECUTED,UNRESOLVED_CANONICAL_FEATURE_ID_CATALOG,OPEN,NOT_GREEN,NOT_GREEN,No source-derived route evidence at checkpoint; implementation/contract discovery required.
FOS-ADMIN-001,Settings Home,admin,MAPPED,NO_ROUTE_EVIDENCE,UNEXECUTED,UNEXECUTED,UNEXECUTED,UNEXECUTED,UNEXECUTED,UNRESOLVED_CANONICAL_FEATURE_ID_CATALOG,OPEN,NOT_GREEN,NOT_GREEN,No source-derived route evidence at checkpoint; implementation/contract discovery required.
FOS-ADMIN-002,Farm Profile,admin,MAPPED,NO_ROUTE_EVIDENCE,UNEXECUTED,UNEXECUTED,UNEXECUTED,UNEXECUTED,UNEXECUTED,UNRESOLVED_CANONICAL_FEATURE_ID_CATALOG,OPEN,NOT_GREEN,NOT_GREEN,No source-derived route evidence at checkpoint; implementation/contract discovery required.
FOS-ADMIN-003,Members,admin,MAPPED,NO_ROUTE_EVIDENCE,UNEXECUTED,UNEXECUTED,UNEXECUTED,UNEXECUTED,UNEXECUTED,UNRESOLVED_CANONICAL_FEATURE_ID_CATALOG,OPEN,NOT_GREEN,NOT_GREEN,No source-derived route evidence at checkpoint; implementation/contract discovery required.
FOS-ADMIN-004,Invite Member,admin,MAPPED,NO_ROUTE_EVIDENCE,UNEXECUTED,UNEXECUTED,UNEXECUTED,UNEXECUTED,UNEXECUTED,UNRESOLVED_CANONICAL_FEATURE_ID_CATALOG,OPEN,NOT_GREEN,NOT_GREEN,No source-derived route evidence at checkpoint; implementation/contract discovery required.
FOS-ADMIN-005,Role Detail,admin,MAPPED,NO_ROUTE_EVIDENCE,UNEXECUTED,UNEXECUTED,UNEXECUTED,UNEXECUTED,UNEXECUTED,UNRESOLVED_CANONICAL_FEATURE_ID_CATALOG,OPEN,NOT_GREEN,NOT_GREEN,No source-derived route evidence at checkpoint; implementation/contract discovery required.
FOS-ADMIN-006,Permissions,admin,MAPPED,NO_ROUTE_EVIDENCE,UNEXECUTED,UNEXECUTED,UNEXECUTED,UNEXECUTED,UNEXECUTED,UNRESOLVED_CANONICAL_FEATURE_ID_CATALOG,OPEN,NOT_GREEN,NOT_GREEN,No source-derived route evidence at checkpoint; implementation/contract discovery required.
FOS-ADMIN-007,Species Configuration,admin,MAPPED,NO_ROUTE_EVIDENCE,UNEXECUTED,UNEXECUTED,UNEXECUTED,UNEXECUTED,UNEXECUTED,UNRESOLVED_CANONICAL_FEATURE_ID_CATALOG,OPEN,NOT_GREEN,NOT_GREEN,No source-derived route evidence at checkpoint; implementation/contract discovery required.
FOS-ADMIN-008,Poultry Kinds,admin,MAPPED,NO_ROUTE_EVIDENCE,UNEXECUTED,UNEXECUTED,UNEXECUTED,UNEXECUTED,UNEXECUTED,UNRESOLVED_CANONICAL_FEATURE_ID_CATALOG,OPEN,NOT_GREEN,NOT_GREEN,No source-derived route evidence at checkpoint; implementation/contract discovery required.
FOS-ADMIN-009,Locations,admin,MAPPED,NO_ROUTE_EVIDENCE,UNEXECUTED,UNEXECUTED,UNEXECUTED,UNEXECUTED,UNEXECUTED,UNRESOLVED_CANONICAL_FEATURE_ID_CATALOG,OPEN,NOT_GREEN,NOT_GREEN,No source-derived route evidence at checkpoint; implementation/contract discovery required.
FOS-ADMIN-010,Units,admin,MAPPED,NO_ROUTE_EVIDENCE,UNEXECUTED,UNEXECUTED,UNEXECUTED,UNEXECUTED,UNEXECUTED,UNRESOLVED_CANONICAL_FEATURE_ID_CATALOG,OPEN,NOT_GREEN,NOT_GREEN,No source-derived route evidence at checkpoint; implementation/contract discovery required.
FOS-ADMIN-011,Currency,admin,MAPPED,NO_ROUTE_EVIDENCE,UNEXECUTED,UNEXECUTED,UNEXECUTED,UNEXECUTED,UNEXECUTED,UNRESOLVED_CANONICAL_FEATURE_ID_CATALOG,OPEN,NOT_GREEN,NOT_GREEN,No source-derived route evidence at checkpoint; implementation/contract discovery required.
FOS-ADMIN-012,Notifications,admin,MAPPED,NO_ROUTE_EVIDENCE,UNEXECUTED,UNEXECUTED,UNEXECUTED,UNEXECUTED,UNEXECUTED,UNRESOLVED_CANONICAL_FEATURE_ID_CATALOG,OPEN,NOT_GREEN,NOT_GREEN,No source-derived route evidence at checkpoint; implementation/contract discovery required.
FOS-ADMIN-013,Offline or Sync Settings,admin,MAPPED,NO_ROUTE_EVIDENCE,UNEXECUTED,UNEXECUTED,UNEXECUTED,UNEXECUTED,UNEXECUTED,UNRESOLVED_CANONICAL_FEATURE_ID_CATALOG,OPEN,NOT_GREEN,NOT_GREEN,No source-derived route evidence at checkpoint; implementation/contract discovery required.
FOS-ADMIN-014,Search Settings,admin,MAPPED,NO_ROUTE_EVIDENCE,UNEXECUTED,UNEXECUTED,UNEXECUTED,UNEXECUTED,UNEXECUTED,UNRESOLVED_CANONICAL_FEATURE_ID_CATALOG,OPEN,NOT_GREEN,NOT_GREEN,No source-derived route evidence at checkpoint; implementation/contract discovery required.
FOS-ADMIN-015,Integrations,admin,MAPPED,NO_ROUTE_EVIDENCE,UNEXECUTED,UNEXECUTED,UNEXECUTED,UNEXECUTED,UNEXECUTED,UNRESOLVED_CANONICAL_FEATURE_ID_CATALOG,OPEN,NOT_GREEN,NOT_GREEN,No source-derived route evidence at checkpoint; implementation/contract discovery required.
FOS-ADMIN-016,Hardware,admin,MAPPED,NO_ROUTE_EVIDENCE,UNEXECUTED,UNEXECUTED,UNEXECUTED,UNEXECUTED,UNEXECUTED,UNRESOLVED_CANONICAL_FEATURE_ID_CATALOG,OPEN,NOT_GREEN,NOT_GREEN,No source-derived route evidence at checkpoint; implementation/contract discovery required.
FOS-ADMIN-017,BLE Devices,admin,MAPPED,NO_ROUTE_EVIDENCE,UNEXECUTED,UNEXECUTED,UNEXECUTED,UNEXECUTED,UNEXECUTED,UNRESOLVED_CANONICAL_FEATURE_ID_CATALOG,OPEN,NOT_GREEN,NOT_GREEN,No source-derived route evidence at checkpoint; implementation/contract discovery required.
FOS-ADMIN-018,RFID Devices,admin,MAPPED,NO_ROUTE_EVIDENCE,UNEXECUTED,UNEXECUTED,UNEXECUTED,UNEXECUTED,UNEXECUTED,UNRESOLVED_CANONICAL_FEATURE_ID_CATALOG,OPEN,NOT_GREEN,NOT_GREEN,No source-derived route evidence at checkpoint; implementation/contract discovery required.
FOS-ADMIN-019,Model API,admin,MAPPED,NO_ROUTE_EVIDENCE,UNEXECUTED,UNEXECUTED,UNEXECUTED,UNEXECUTED,UNEXECUTED,UNRESOLVED_CANONICAL_FEATURE_ID_CATALOG,OPEN,NOT_GREEN,NOT_GREEN,No source-derived route evidence at checkpoint; implementation/contract discovery required.
FOS-ADMIN-020,Security,admin,MAPPED,NO_ROUTE_EVIDENCE,UNEXECUTED,UNEXECUTED,UNEXECUTED,UNEXECUTED,UNEXECUTED,UNRESOLVED_CANONICAL_FEATURE_ID_CATALOG,OPEN,NOT_GREEN,NOT_GREEN,No source-derived route evidence at checkpoint; implementation/contract discovery required.
FOS-ADMIN-021,Session or Devices,admin,MAPPED,NO_ROUTE_EVIDENCE,UNEXECUTED,UNEXECUTED,UNEXECUTED,UNEXECUTED,UNEXECUTED,UNRESOLVED_CANONICAL_FEATURE_ID_CATALOG,OPEN,NOT_GREEN,NOT_GREEN,No source-derived route evidence at checkpoint; implementation/contract discovery required.
FOS-ADMIN-022,Data Export,admin,MAPPED,NO_ROUTE_EVIDENCE,UNEXECUTED,UNEXECUTED,UNEXECUTED,UNEXECUTED,UNEXECUTED,UNRESOLVED_CANONICAL_FEATURE_ID_CATALOG,OPEN,NOT_GREEN,NOT_GREEN,No source-derived route evidence at checkpoint; implementation/contract discovery required.
FOS-ADMIN-023,Backup or Restore Status,admin,MAPPED,NO_ROUTE_EVIDENCE,UNEXECUTED,UNEXECUTED,UNEXECUTED,UNEXECUTED,UNEXECUTED,UNRESOLVED_CANONICAL_FEATURE_ID_CATALOG,OPEN,NOT_GREEN,NOT_GREEN,No source-derived route evidence at checkpoint; implementation/contract discovery required.
FOS-ADMIN-024,Audit Log,admin,MAPPED,NO_ROUTE_EVIDENCE,UNEXECUTED,UNEXECUTED,UNEXECUTED,UNEXECUTED,UNEXECUTED,UNRESOLVED_CANONICAL_FEATURE_ID_CATALOG,OPEN,NOT_GREEN,NOT_GREEN,No source-derived route evidence at checkpoint; implementation/contract discovery required.
FOS-ADMIN-025,About or Version,admin,MAPPED,NO_ROUTE_EVIDENCE,UNEXECUTED,UNEXECUTED,UNEXECUTED,UNEXECUTED,UNEXECUTED,UNRESOLVED_CANONICAL_FEATURE_ID_CATALOG,OPEN,NOT_GREEN,NOT_GREEN,No source-derived route evidence at checkpoint; implementation/contract discovery required.
FOS-SYNC-001,Offline Banner,sync,MAPPED,NO_ROUTE_EVIDENCE,UNEXECUTED,UNEXECUTED,UNEXECUTED,UNEXECUTED,UNEXECUTED,UNRESOLVED_CANONICAL_FEATURE_ID_CATALOG,OPEN,NOT_GREEN,NOT_GREEN,No source-derived route evidence at checkpoint; implementation/contract discovery required.
FOS-SYNC-002,Sync Status,sync,MAPPED,STATIC_SOURCE_MAP_PLUS_CODE_ID_REFERENCE,UNEXECUTED,UNEXECUTED,UNEXECUTED,UNEXECUTED,UNEXECUTED,UNRESOLVED_CANONICAL_FEATURE_ID_CATALOG,OPEN,NOT_GREEN,NOT_GREEN,Static evidence only; execute route/interaction tests before treating as reachable.
FOS-SYNC-003,Pending Changes,sync,MAPPED,STATIC_SOURCE_MAP_HINT_ONLY,UNEXECUTED,UNEXECUTED,UNEXECUTED,UNEXECUTED,UNEXECUTED,UNRESOLVED_CANONICAL_FEATURE_ID_CATALOG,OPEN,NOT_GREEN,NOT_GREEN,Static evidence only; execute route/interaction tests before treating as reachable.
FOS-SYNC-004,In-Flight,sync,MAPPED,NO_ROUTE_EVIDENCE,UNEXECUTED,UNEXECUTED,UNEXECUTED,UNEXECUTED,UNEXECUTED,UNRESOLVED_CANONICAL_FEATURE_ID_CATALOG,OPEN,NOT_GREEN,NOT_GREEN,No source-derived route evidence at checkpoint; implementation/contract discovery required.
FOS-SYNC-005,Retry Waiting,sync,MAPPED,NO_ROUTE_EVIDENCE,UNEXECUTED,UNEXECUTED,UNEXECUTED,UNEXECUTED,UNEXECUTED,UNRESOLVED_CANONICAL_FEATURE_ID_CATALOG,OPEN,NOT_GREEN,NOT_GREEN,No source-derived route evidence at checkpoint; implementation/contract discovery required.
FOS-SYNC-006,Conflict Centre,sync,MAPPED,NO_ROUTE_EVIDENCE,UNEXECUTED,UNEXECUTED,UNEXECUTED,UNEXECUTED,UNEXECUTED,UNRESOLVED_CANONICAL_FEATURE_ID_CATALOG,OPEN,NOT_GREEN,NOT_GREEN,No source-derived route evidence at checkpoint; implementation/contract discovery required.
FOS-SYNC-007,Conflict Detail,sync,MAPPED,NO_ROUTE_EVIDENCE,UNEXECUTED,UNEXECUTED,UNEXECUTED,UNEXECUTED,UNEXECUTED,UNRESOLVED_CANONICAL_FEATURE_ID_CATALOG,OPEN,NOT_GREEN,NOT_GREEN,No source-derived route evidence at checkpoint; implementation/contract discovery required.
FOS-SYNC-008,Rejected Mutation,sync,MAPPED,NO_ROUTE_EVIDENCE,UNEXECUTED,UNEXECUTED,UNEXECUTED,UNEXECUTED,UNEXECUTED,UNRESOLVED_CANONICAL_FEATURE_ID_CATALOG,OPEN,NOT_GREEN,NOT_GREEN,No source-derived route evidence at checkpoint; implementation/contract discovery required.
FOS-SYNC-009,Dead Letter,sync,MAPPED,NO_ROUTE_EVIDENCE,UNEXECUTED,UNEXECUTED,UNEXECUTED,UNEXECUTED,UNEXECUTED,UNRESOLVED_CANONICAL_FEATURE_ID_CATALOG,OPEN,NOT_GREEN,NOT_GREEN,No source-derived route evidence at checkpoint; implementation/contract discovery required.
FOS-SYNC-010,Auth Required,sync,MAPPED,NO_ROUTE_EVIDENCE,UNEXECUTED,UNEXECUTED,UNEXECUTED,UNEXECUTED,UNEXECUTED,UNRESOLVED_CANONICAL_FEATURE_ID_CATALOG,OPEN,NOT_GREEN,NOT_GREEN,No source-derived route evidence at checkpoint; implementation/contract discovery required.
FOS-SYNC-011,Farm Access Revoked,sync,MAPPED,NO_ROUTE_EVIDENCE,UNEXECUTED,UNEXECUTED,UNEXECUTED,UNEXECUTED,UNEXECUTED,UNRESOLVED_CANONICAL_FEATURE_ID_CATALOG,OPEN,NOT_GREEN,NOT_GREEN,No source-derived route evidence at checkpoint; implementation/contract discovery required.
FOS-SYNC-012,Backend Outage,sync,MAPPED,NO_ROUTE_EVIDENCE,UNEXECUTED,UNEXECUTED,UNEXECUTED,UNEXECUTED,UNEXECUTED,UNRESOLVED_CANONICAL_FEATURE_ID_CATALOG,OPEN,NOT_GREEN,NOT_GREEN,No source-derived route evidence at checkpoint; implementation/contract discovery required.
FOS-SYNC-013,Search Outage,sync,MAPPED,NO_ROUTE_EVIDENCE,UNEXECUTED,UNEXECUTED,UNEXECUTED,UNEXECUTED,UNEXECUTED,UNRESOLVED_CANONICAL_FEATURE_ID_CATALOG,OPEN,NOT_GREEN,NOT_GREEN,No source-derived route evidence at checkpoint; implementation/contract discovery required.
FOS-SYNC-014,Local Data Safe Confirmation,sync,MAPPED,NO_ROUTE_EVIDENCE,UNEXECUTED,UNEXECUTED,UNEXECUTED,UNEXECUTED,UNEXECUTED,UNRESOLVED_CANONICAL_FEATURE_ID_CATALOG,OPEN,NOT_GREEN,NOT_GREEN,No source-derived route evidence at checkpoint; implementation/contract discovery required.
FOS-SYNC-015,Manual Sync,sync,MAPPED,NO_ROUTE_EVIDENCE,UNEXECUTED,UNEXECUTED,UNEXECUTED,UNEXECUTED,UNEXECUTED,UNRESOLVED_CANONICAL_FEATURE_ID_CATALOG,OPEN,NOT_GREEN,NOT_GREEN,No source-derived route evidence at checkpoint; implementation/contract discovery required.
FOS-SYNC-016,Last Successful Sync,sync,MAPPED,NO_ROUTE_EVIDENCE,UNEXECUTED,UNEXECUTED,UNEXECUTED,UNEXECUTED,UNEXECUTED,UNRESOLVED_CANONICAL_FEATURE_ID_CATALOG,OPEN,NOT_GREEN,NOT_GREEN,No source-derived route evidence at checkpoint; implementation/contract discovery required.
FOS-SYNC-017,Reconciliation Detail,sync,MAPPED,NO_ROUTE_EVIDENCE,UNEXECUTED,UNEXECUTED,UNEXECUTED,UNEXECUTED,UNEXECUTED,UNRESOLVED_CANONICAL_FEATURE_ID_CATALOG,OPEN,NOT_GREEN,NOT_GREEN,No source-derived route evidence at checkpoint; implementation/contract discovery required.
FOS-SYNC-018,Mutation Trace,sync,MAPPED,NO_ROUTE_EVIDENCE,UNEXECUTED,UNEXECUTED,UNEXECUTED,UNEXECUTED,UNEXECUTED,UNRESOLVED_CANONICAL_FEATURE_ID_CATALOG,OPEN,NOT_GREEN,NOT_GREEN,No source-derived route evidence at checkpoint; implementation/contract discovery required.
FOS-ATOM-001,Date Picker,atom,MAPPED,NO_ROUTE_EVIDENCE,UNEXECUTED,UNEXECUTED,UNEXECUTED,UNEXECUTED,UNEXECUTED,UNRESOLVED_CANONICAL_FEATURE_ID_CATALOG,OPEN,NOT_GREEN,NOT_GREEN,No source-derived route evidence at checkpoint; implementation/contract discovery required.
FOS-ATOM-002,Time Picker,atom,MAPPED,NO_ROUTE_EVIDENCE,UNEXECUTED,UNEXECUTED,UNEXECUTED,UNEXECUTED,UNEXECUTED,UNRESOLVED_CANONICAL_FEATURE_ID_CATALOG,OPEN,NOT_GREEN,NOT_GREEN,No source-derived route evidence at checkpoint; implementation/contract discovery required.
FOS-ATOM-003,Species Selector,atom,MAPPED,NO_ROUTE_EVIDENCE,UNEXECUTED,UNEXECUTED,UNEXECUTED,UNEXECUTED,UNEXECUTED,UNRESOLVED_CANONICAL_FEATURE_ID_CATALOG,OPEN,NOT_GREEN,NOT_GREEN,No source-derived route evidence at checkpoint; implementation/contract discovery required.
FOS-ATOM-004,Animal Selector,atom,MAPPED,NO_ROUTE_EVIDENCE,UNEXECUTED,UNEXECUTED,UNEXECUTED,UNEXECUTED,UNEXECUTED,UNRESOLVED_CANONICAL_FEATURE_ID_CATALOG,OPEN,NOT_GREEN,NOT_GREEN,No source-derived route evidence at checkpoint; implementation/contract discovery required.
FOS-ATOM-005,Group Selector,atom,MAPPED,NO_ROUTE_EVIDENCE,UNEXECUTED,UNEXECUTED,UNEXECUTED,UNEXECUTED,UNEXECUTED,UNRESOLVED_CANONICAL_FEATURE_ID_CATALOG,OPEN,NOT_GREEN,NOT_GREEN,No source-derived route evidence at checkpoint; implementation/contract discovery required.
FOS-ATOM-006,Farm Selector,atom,MAPPED,NO_ROUTE_EVIDENCE,UNEXECUTED,UNEXECUTED,UNEXECUTED,UNEXECUTED,UNEXECUTED,UNRESOLVED_CANONICAL_FEATURE_ID_CATALOG,OPEN,NOT_GREEN,NOT_GREEN,No source-derived route evidence at checkpoint; implementation/contract discovery required.
FOS-ATOM-007,Location Selector,atom,MAPPED,NO_ROUTE_EVIDENCE,UNEXECUTED,UNEXECUTED,UNEXECUTED,UNEXECUTED,UNEXECUTED,UNRESOLVED_CANONICAL_FEATURE_ID_CATALOG,OPEN,NOT_GREEN,NOT_GREEN,No source-derived route evidence at checkpoint; implementation/contract discovery required.
FOS-ATOM-008,Sire or Dam Selector,atom,MAPPED,NO_ROUTE_EVIDENCE,UNEXECUTED,UNEXECUTED,UNEXECUTED,UNEXECUTED,UNEXECUTED,UNRESOLVED_CANONICAL_FEATURE_ID_CATALOG,OPEN,NOT_GREEN,NOT_GREEN,No source-derived route evidence at checkpoint; implementation/contract discovery required.
FOS-ATOM-009,Inventory Item Selector,atom,MAPPED,NO_ROUTE_EVIDENCE,UNEXECUTED,UNEXECUTED,UNEXECUTED,UNEXECUTED,UNEXECUTED,UNRESOLVED_CANONICAL_FEATURE_ID_CATALOG,OPEN,NOT_GREEN,NOT_GREEN,No source-derived route evidence at checkpoint; implementation/contract discovery required.
FOS-ATOM-010,Lot Selector,atom,MAPPED,NO_ROUTE_EVIDENCE,UNEXECUTED,UNEXECUTED,UNEXECUTED,UNEXECUTED,UNEXECUTED,UNRESOLVED_CANONICAL_FEATURE_ID_CATALOG,OPEN,NOT_GREEN,NOT_GREEN,No source-derived route evidence at checkpoint; implementation/contract discovery required.
FOS-ATOM-011,Supplier Selector,atom,MAPPED,NO_ROUTE_EVIDENCE,UNEXECUTED,UNEXECUTED,UNEXECUTED,UNEXECUTED,UNEXECUTED,UNRESOLVED_CANONICAL_FEATURE_ID_CATALOG,OPEN,NOT_GREEN,NOT_GREEN,No source-derived route evidence at checkpoint; implementation/contract discovery required.
FOS-ATOM-012,Customer Selector,atom,MAPPED,NO_ROUTE_EVIDENCE,UNEXECUTED,UNEXECUTED,UNEXECUTED,UNEXECUTED,UNEXECUTED,UNRESOLVED_CANONICAL_FEATURE_ID_CATALOG,OPEN,NOT_GREEN,NOT_GREEN,No source-derived route evidence at checkpoint; implementation/contract discovery required.
FOS-ATOM-013,Worker Selector,atom,MAPPED,NO_ROUTE_EVIDENCE,UNEXECUTED,UNEXECUTED,UNEXECUTED,UNEXECUTED,UNEXECUTED,UNRESOLVED_CANONICAL_FEATURE_ID_CATALOG,OPEN,NOT_GREEN,NOT_GREEN,No source-derived route evidence at checkpoint; implementation/contract discovery required.
FOS-ATOM-014,Asset Selector,atom,MAPPED,NO_ROUTE_EVIDENCE,UNEXECUTED,UNEXECUTED,UNEXECUTED,UNEXECUTED,UNEXECUTED,UNRESOLVED_CANONICAL_FEATURE_ID_CATALOG,OPEN,NOT_GREEN,NOT_GREEN,No source-derived route evidence at checkpoint; implementation/contract discovery required.
FOS-ATOM-015,Photo Capture,atom,MAPPED,NO_ROUTE_EVIDENCE,UNEXECUTED,UNEXECUTED,UNEXECUTED,UNEXECUTED,UNEXECUTED,UNRESOLVED_CANONICAL_FEATURE_ID_CATALOG,OPEN,NOT_GREEN,NOT_GREEN,No source-derived route evidence at checkpoint; implementation/contract discovery required.
FOS-ATOM-016,Attachment Picker,atom,MAPPED,NO_ROUTE_EVIDENCE,UNEXECUTED,UNEXECUTED,UNEXECUTED,UNEXECUTED,UNEXECUTED,UNRESOLVED_CANONICAL_FEATURE_ID_CATALOG,OPEN,NOT_GREEN,NOT_GREEN,No source-derived route evidence at checkpoint; implementation/contract discovery required.
FOS-ATOM-017,Document Picker,atom,MAPPED,NO_ROUTE_EVIDENCE,UNEXECUTED,UNEXECUTED,UNEXECUTED,UNEXECUTED,UNEXECUTED,UNRESOLVED_CANONICAL_FEATURE_ID_CATALOG,OPEN,NOT_GREEN,NOT_GREEN,No source-derived route evidence at checkpoint; implementation/contract discovery required.
FOS-ATOM-018,QR or Barcode Scanner,atom,MAPPED,NO_ROUTE_EVIDENCE,UNEXECUTED,UNEXECUTED,UNEXECUTED,UNEXECUTED,UNEXECUTED,UNRESOLVED_CANONICAL_FEATURE_ID_CATALOG,OPEN,NOT_GREEN,NOT_GREEN,No source-derived route evidence at checkpoint; implementation/contract discovery required.
FOS-ATOM-019,RFID Scanner,atom,MAPPED,NO_ROUTE_EVIDENCE,UNEXECUTED,UNEXECUTED,UNEXECUTED,UNEXECUTED,UNEXECUTED,UNRESOLVED_CANONICAL_FEATURE_ID_CATALOG,OPEN,NOT_GREEN,NOT_GREEN,No source-derived route evidence at checkpoint; implementation/contract discovery required.
FOS-ATOM-020,BLE Device Picker,atom,MAPPED,NO_ROUTE_EVIDENCE,UNEXECUTED,UNEXECUTED,UNEXECUTED,UNEXECUTED,UNEXECUTED,UNRESOLVED_CANONICAL_FEATURE_ID_CATALOG,OPEN,NOT_GREEN,NOT_GREEN,No source-derived route evidence at checkpoint; implementation/contract discovery required.
FOS-ATOM-021,Filter Sheet,atom,MAPPED,NO_ROUTE_EVIDENCE,UNEXECUTED,UNEXECUTED,UNEXECUTED,UNEXECUTED,UNEXECUTED,UNRESOLVED_CANONICAL_FEATURE_ID_CATALOG,OPEN,NOT_GREEN,NOT_GREEN,No source-derived route evidence at checkpoint; implementation/contract discovery required.
FOS-ATOM-022,Sort Sheet,atom,MAPPED,NO_ROUTE_EVIDENCE,UNEXECUTED,UNEXECUTED,UNEXECUTED,UNEXECUTED,UNEXECUTED,UNRESOLVED_CANONICAL_FEATURE_ID_CATALOG,OPEN,NOT_GREEN,NOT_GREEN,No source-derived route evidence at checkpoint; implementation/contract discovery required.
FOS-ATOM-023,Bulk Selection,atom,MAPPED,NO_ROUTE_EVIDENCE,UNEXECUTED,UNEXECUTED,UNEXECUTED,UNEXECUTED,UNEXECUTED,UNRESOLVED_CANONICAL_FEATURE_ID_CATALOG,OPEN,NOT_GREEN,NOT_GREEN,No source-derived route evidence at checkpoint; implementation/contract discovery required.
FOS-ATOM-024,Bulk Action Sheet,atom,MAPPED,NO_ROUTE_EVIDENCE,UNEXECUTED,UNEXECUTED,UNEXECUTED,UNEXECUTED,UNEXECUTED,UNRESOLVED_CANONICAL_FEATURE_ID_CATALOG,OPEN,NOT_GREEN,NOT_GREEN,No source-derived route evidence at checkpoint; implementation/contract discovery required.
FOS-ATOM-025,Delete Confirmation,atom,MAPPED,NO_ROUTE_EVIDENCE,UNEXECUTED,UNEXECUTED,UNEXECUTED,UNEXECUTED,UNEXECUTED,UNRESOLVED_CANONICAL_FEATURE_ID_CATALOG,OPEN,NOT_GREEN,NOT_GREEN,No source-derived route evidence at checkpoint; implementation/contract discovery required.
FOS-ATOM-026,Irreversible Status Confirmation,atom,MAPPED,NO_ROUTE_EVIDENCE,UNEXECUTED,UNEXECUTED,UNEXECUTED,UNEXECUTED,UNEXECUTED,UNRESOLVED_CANONICAL_FEATURE_ID_CATALOG,OPEN,NOT_GREEN,NOT_GREEN,No source-derived route evidence at checkpoint; implementation/contract discovery required.
FOS-ATOM-027,Conflict Resolution Sheet,atom,MAPPED,NO_ROUTE_EVIDENCE,UNEXECUTED,UNEXECUTED,UNEXECUTED,UNEXECUTED,UNEXECUTED,UNRESOLVED_CANONICAL_FEATURE_ID_CATALOG,OPEN,NOT_GREEN,NOT_GREEN,No source-derived route evidence at checkpoint; implementation/contract discovery required.
FOS-ATOM-028,Permission Explanation,atom,MAPPED,NO_ROUTE_EVIDENCE,UNEXECUTED,UNEXECUTED,UNEXECUTED,UNEXECUTED,UNEXECUTED,UNRESOLVED_CANONICAL_FEATURE_ID_CATALOG,OPEN,NOT_GREEN,NOT_GREEN,No source-derived route evidence at checkpoint; implementation/contract discovery required.
FOS-ATOM-029,Export Format,atom,MAPPED,NO_ROUTE_EVIDENCE,UNEXECUTED,UNEXECUTED,UNEXECUTED,UNEXECUTED,UNEXECUTED,UNRESOLVED_CANONICAL_FEATURE_ID_CATALOG,OPEN,NOT_GREEN,NOT_GREEN,No source-derived route evidence at checkpoint; implementation/contract discovery required.
FOS-ATOM-030,Share Sheet,atom,MAPPED,NO_ROUTE_EVIDENCE,UNEXECUTED,UNEXECUTED,UNEXECUTED,UNEXECUTED,UNEXECUTED,UNRESOLVED_CANONICAL_FEATURE_ID_CATALOG,OPEN,NOT_GREEN,NOT_GREEN,No source-derived route evidence at checkpoint; implementation/contract discovery required.
FOS-ATOM-031,Search Empty State,atom,MAPPED,NO_ROUTE_EVIDENCE,UNEXECUTED,UNEXECUTED,UNEXECUTED,UNEXECUTED,UNEXECUTED,UNRESOLVED_CANONICAL_FEATURE_ID_CATALOG,OPEN,NOT_GREEN,NOT_GREEN,No source-derived route evidence at checkpoint; implementation/contract discovery required.
FOS-ATOM-032,Loading Skeleton,atom,MAPPED,NO_ROUTE_EVIDENCE,UNEXECUTED,UNEXECUTED,UNEXECUTED,UNEXECUTED,UNEXECUTED,UNRESOLVED_CANONICAL_FEATURE_ID_CATALOG,OPEN,NOT_GREEN,NOT_GREEN,No source-derived route evidence at checkpoint; implementation/contract discovery required.
FOS-ATOM-033,Error Recovery,atom,MAPPED,NO_ROUTE_EVIDENCE,UNEXECUTED,UNEXECUTED,UNEXECUTED,UNEXECUTED,UNEXECUTED,UNRESOLVED_CANONICAL_FEATURE_ID_CATALOG,OPEN,NOT_GREEN,NOT_GREEN,No source-derived route evidence at checkpoint; implementation/contract discovery required.
FOS-ATOM-034,Offline Save Receipt,atom,MAPPED,NO_ROUTE_EVIDENCE,UNEXECUTED,UNEXECUTED,UNEXECUTED,UNEXECUTED,UNEXECUTED,UNRESOLVED_CANONICAL_FEATURE_ID_CATALOG,OPEN,NOT_GREEN,NOT_GREEN,No source-derived route evidence at checkpoint; implementation/contract discovery required.
FOS-ATOM-035,Sync Pending Receipt,atom,MAPPED,NO_ROUTE_EVIDENCE,UNEXECUTED,UNEXECUTED,UNEXECUTED,UNEXECUTED,UNEXECUTED,UNRESOLVED_CANONICAL_FEATURE_ID_CATALOG,OPEN,NOT_GREEN,NOT_GREEN,No source-derived route evidence at checkpoint; implementation/contract discovery required.
